Season,Match,Team_1,Team_2,Team_1_Runs,Team_1_Overs,Team_1_Balls,Team_1_RR,Team_2_Runs,Team_2_Overs,Team_2_Balls,Team_2_RR,Total_Match_Runs,Total_Match_Balls,Match_SR
2008,Match_1,Kolkata Knight Riders,Royal Challengers Bengaluru,222.0,20.0,120.0,11.1,,,,,222.0,120,185.0
2008,Match_2,Chennai Super Kings,Kings XI Punjab,240.0,20.0,120.0,12.0,207.0,20.0,120.0,10.35,447.0,240,186.25
2008,Match_3,Rajasthan Royals,Delhi Daredevils,129.0,20.0,120.0,6.45,132.0,15.1,91.0,8.7,261.0,211,123.7
2008,Match_4,Deccan Chargers,Kolkata Knight Riders,112.0,19.0,114.0,5.89,,,,,112.0,114,98.25
2008,Match_5,Mumbai Indians,Royal Challengers Bengaluru,165.0,20.0,120.0,8.25,166.0,19.4,118.0,8.44,331.0,238,139.08
2008,Match_6,Kings XI Punjab,Rajasthan Royals,166.0,20.0,120.0,8.3,168.0,18.1,109.0,9.25,334.0,229,145.85
2008,Match_7,Deccan Chargers,Delhi Daredevils,142.0,20.0,120.0,7.1,143.0,13.0,78.0,11.0,285.0,198,143.94
2008,Match_8,Chennai Super Kings,Mumbai Indians,208.0,20.0,120.0,10.4,202.0,20.0,120.0,10.1,410.0,240,170.83
2008,Match_9,Deccan Chargers,Rajasthan Royals,214.0,20.0,120.0,10.7,217.0,19.5,119.0,10.94,431.0,239,180.33
2008,Match_10,Kings XI Punjab,Mumbai Indians,116.0,20.0,120.0,5.8,,,,,116.0,120,96.67
2008,Match_11,Kolkata Knight Riders,Chennai Super Kings,147.0,20.0,120.0,7.35,152.0,17.0,102.0,8.94,299.0,222,134.68
2008,Match_12,Royal Challengers Bengaluru,Rajasthan Royals,135.0,20.0,120.0,6.75,138.0,17.1,103.0,8.04,273.0,223,122.42
2008,Match_13,Delhi Daredevils,Kings XI Punjab,158.0,20.0,120.0,7.9,162.0,19.3,117.0,8.31,320.0,237,135.02
2008,Match_14,Mumbai Indians,Deccan Chargers,154.0,20.0,120.0,7.7,155.0,12.0,72.0,12.92,309.0,192,160.94
2008,Match_15,Chennai Super Kings,Royal Challengers Bengaluru,178.0,20.0,120.0,8.9,,,,,178.0,120,148.33
2008,Match_16,Kolkata Knight Riders,Mumbai Indians,137.0,20.0,120.0,6.85,138.0,18.4,112.0,7.39,275.0,232,118.53
2008,Match_17,Delhi Daredevils,Royal Challengers Bengaluru,191.0,20.0,120.0,9.55,181.0,20.0,120.0,9.05,372.0,240,155.0
2008,Match_18,Rajasthan Royals,Kolkata Knight Riders,196.0,20.0,120.0,9.8,,,,,196.0,120,163.33
2008,Match_19,Deccan Chargers,Kings XI Punjab,164.0,20.0,120.0,8.2,167.0,18.5,113.0,8.87,331.0,233,142.06
2008,Match_20,Chennai Super Kings,Delhi Daredevils,169.0,20.0,120.0,8.45,172.0,19.0,114.0,9.05,341.0,234,145.73
2008,Match_21,Royal Challengers Bengaluru,Deccan Chargers,156.0,20.0,120.0,7.8,153.0,20.0,120.0,7.65,309.0,240,128.75
2008,Match_22,Kings XI Punjab,Kolkata Knight Riders,178.0,20.0,120.0,8.9,169.0,20.0,120.0,8.45,347.0,240,144.58
2008,Match_23,Mumbai Indians,Delhi Daredevils,162.0,20.0,120.0,8.1,,,,,162.0,120,135.0
2008,Match_24,Chennai Super Kings,Rajasthan Royals,110.0,14.2,86.0,7.67,,,,,110.0,86,127.91
2008,Match_25,Royal Challengers Bengaluru,Kings XI Punjab,127.0,18.2,110.0,6.93,,,,,127.0,110,115.45
2008,Match_26,Chennai Super Kings,Deccan Chargers,144.0,20.0,120.0,7.2,148.0,18.0,108.0,8.22,292.0,228,128.07
2008,Match_27,Rajasthan Royals,Mumbai Indians,104.0,15.1,91.0,6.86,,,,,104.0,91,114.29
2008,Match_28,Delhi Daredevils,Chennai Super Kings,187.0,20.0,120.0,9.35,188.0,20.0,120.0,9.4,375.0,240,156.25
2008,Match_29,Kolkata Knight Riders,Royal Challengers Bengaluru,129.0,16.0,96.0,8.06,124.0,16.0,96.0,7.75,253.0,192,131.77
2008,Match_30,Deccan Chargers,Rajasthan Royals,140.0,20.0,120.0,7.0,141.0,16.0,96.0,8.81,281.0,216,130.09
2008,Match_31,Chennai Super Kings,Kings XI Punjab,181.0,20.0,120.0,9.05,163.0,20.0,120.0,8.15,344.0,240,143.33
2008,Match_32,Kolkata Knight Riders,Deccan Chargers,204.0,20.0,120.0,10.2,181.0,20.0,120.0,9.05,385.0,240,160.42
2008,Match_33,Delhi Daredevils,Rajasthan Royals,156.0,20.0,120.0,7.8,159.0,19.1,115.0,8.3,315.0,235,134.04
2008,Match_34,Royal Challengers Bengaluru,Kings XI Punjab,143.0,20.0,120.0,7.15,144.0,15.4,94.0,9.19,287.0,214,134.11
2008,Match_35,Kolkata Knight Riders,Delhi Daredevils,133.0,20.0,120.0,6.65,,,,,133.0,120,110.83
2008,Match_36,Chennai Super Kings,Mumbai Indians,156.0,20.0,120.0,7.8,158.0,13.5,83.0,11.42,314.0,203,154.68
2008,Match_37,Delhi Daredevils,Deccan Chargers,194.0,20.0,120.0,9.7,182.0,20.0,120.0,9.1,376.0,240,156.67
2008,Match_38,Kolkata Knight Riders,Mumbai Indians,68.0,5.3,33.0,12.36,,,,,68.0,33,206.06
2008,Match_39,Rajasthan Royals,Royal Challengers Bengaluru,197.0,20.0,120.0,9.85,132.0,20.0,120.0,6.6,329.0,240,137.08
2008,Match_40,Delhi Daredevils,Kings XI Punjab,118.0,11.0,66.0,10.73,94.0,8.0,48.0,11.75,212.0,114,185.96
2008,Match_41,Kolkata Knight Riders,Chennai Super Kings,149.0,20.0,120.0,7.45,55.0,8.0,48.0,6.88,204.0,168,121.43
2008,Match_42,Mumbai Indians,Deccan Chargers,178.0,20.0,120.0,8.9,153.0,20.0,120.0,7.65,331.0,240,137.92
2008,Match_43,Royal Challengers Bengaluru,Delhi Daredevils,154.0,20.0,120.0,7.7,158.0,18.2,110.0,8.62,312.0,230,135.65
2008,Match_44,Kolkata Knight Riders,Rajasthan Royals,147.0,20.0,120.0,7.35,150.0,16.3,99.0,9.09,297.0,219,135.62
2008,Match_45,Kings XI Punjab,Mumbai Indians,189.0,20.0,120.0,9.45,,,,,189.0,120,157.5
2008,Match_46,Royal Challengers Bengaluru,Chennai Super Kings,126.0,20.0,120.0,6.3,112.0,20.0,120.0,5.6,238.0,240,99.17
2008,Match_48,Deccan Chargers,Kings XI Punjab,175.0,20.0,120.0,8.75,178.0,19.3,117.0,9.13,353.0,237,148.95
2008,Match_49,Rajasthan Royals,Chennai Super Kings,211.0,20.0,120.0,10.55,201.0,20.0,120.0,10.05,412.0,240,171.67
2008,Match_50,Mumbai Indians,Delhi Daredevils,176.0,20.0,120.0,8.8,179.0,19.5,119.0,9.03,355.0,239,148.54
2008,Match_51,Deccan Chargers,Royal Challengers Bengaluru,171.0,19.0,114.0,9.0,,,,,171.0,114,150.0
2008,Match_52,Kings XI Punjab,Kolkata Knight Riders,174.0,20.0,120.0,8.7,175.0,19.4,118.0,8.9,349.0,238,146.64
2008,Match_53,Mumbai Indians,Rajasthan Royals,145.0,20.0,120.0,7.25,146.0,20.0,120.0,7.3,291.0,240,121.25
2008,Match_54,Deccan Chargers,Chennai Super Kings,147.0,20.0,120.0,7.35,148.0,19.2,116.0,7.66,295.0,236,125.0
2008,Match_55,Royal Challengers Bengaluru,Mumbai Indians,122.0,18.0,108.0,6.78,126.0,16.0,96.0,7.88,248.0,204,121.57
2008,Match_56,Kings XI Punjab,Rajasthan Royals,221.0,20.0,120.0,11.05,180.0,20.0,120.0,9.0,401.0,240,167.08
2008,Match_57,Rajasthan Royals,Delhi Daredevils,192.0,20.0,120.0,9.6,,,,,192.0,120,160.0
2008,Match_58,Kings XI Punjab,Chennai Super Kings,112.0,20.0,120.0,5.6,116.0,14.5,89.0,7.82,228.0,209,109.09
2008,Match_59,Chennai Super Kings,Rajasthan Royals,163.0,20.0,120.0,8.15,164.0,20.0,120.0,8.2,327.0,240,136.25
2009,Match_60,Mumbai Indians,Chennai Super Kings,165.0,20.0,120.0,8.25,146.0,20.0,120.0,7.3,311.0,240,129.58
2009,Match_61,Royal Challengers Bengaluru,Rajasthan Royals,133.0,20.0,120.0,6.65,,,,,133.0,120,110.83
2009,Match_62,Kings XI Punjab,Delhi Daredevils,104.0,12.0,72.0,8.67,58.0,4.5,29.0,12.0,162.0,101,160.4
2009,Match_63,Kolkata Knight Riders,Deccan Chargers,104.0,13.1,79.0,7.9,,,,,104.0,79,131.65
2009,Match_64,Chennai Super Kings,Royal Challengers Bengaluru,179.0,20.0,120.0,8.95,,,,,179.0,120,149.17
2009,Match_65,Kings XI Punjab,Kolkata Knight Riders,158.0,20.0,120.0,7.9,79.0,9.2,56.0,8.46,237.0,176,134.66
2009,Match_67,Deccan Chargers,Royal Challengers Bengaluru,184.0,20.0,120.0,9.2,160.0,20.0,120.0,8.0,344.0,240,143.33
2009,Match_68,Delhi Daredevils,Chennai Super Kings,189.0,20.0,120.0,9.45,180.0,20.0,120.0,9.0,369.0,240,153.75
2009,Match_69,Rajasthan Royals,Kolkata Knight Riders,150.0,20.0,120.0,7.5,150.0,20.0,120.0,7.5,300.0,240,125.0
2009,Match_70,Royal Challengers Bengaluru,Kings XI Punjab,168.0,20.0,120.0,8.4,173.0,19.0,114.0,9.11,341.0,234,145.73
2009,Match_71,Deccan Chargers,Mumbai Indians,168.0,20.0,120.0,8.4,156.0,20.0,120.0,7.8,324.0,240,135.0
2009,Match_73,Royal Challengers Bengaluru,Delhi Daredevils,149.0,20.0,120.0,7.45,150.0,19.2,116.0,7.76,299.0,236,126.69
2009,Match_74,Kings XI Punjab,Rajasthan Royals,139.0,20.0,120.0,6.95,112.0,20.0,120.0,5.6,251.0,240,104.58
2009,Match_75,Chennai Super Kings,Deccan Chargers,165.0,20.0,120.0,8.25,169.0,19.3,117.0,8.67,334.0,237,140.93
2009,Match_76,Mumbai Indians,Kolkata Knight Riders,187.0,20.0,120.0,9.35,,,,,187.0,120,155.83
2009,Match_77,Delhi Daredevils,Rajasthan Royals,143.0,20.0,120.0,7.15,147.0,18.3,111.0,7.95,290.0,231,125.54
2009,Match_78,Kolkata Knight Riders,Royal Challengers Bengaluru,139.0,20.0,120.0,6.95,143.0,19.5,119.0,7.21,282.0,239,117.99
2009,Match_79,Kings XI Punjab,Mumbai Indians,119.0,20.0,120.0,5.95,116.0,20.0,120.0,5.8,235.0,240,97.92
2009,Match_80,Deccan Chargers,Delhi Daredevils,148.0,20.0,120.0,7.4,150.0,18.4,112.0,8.04,298.0,232,128.45
2009,Match_81,Chennai Super Kings,Rajasthan Royals,164.0,20.0,120.0,8.2,,,,,164.0,120,136.67
2009,Match_82,Mumbai Indians,Kolkata Knight Riders,148.0,20.0,120.0,7.4,139.0,20.0,120.0,6.95,287.0,240,119.58
2009,Match_83,Royal Challengers Bengaluru,Kings XI Punjab,145.0,20.0,120.0,7.25,137.0,20.0,120.0,6.85,282.0,240,117.5
2009,Match_84,Deccan Chargers,Rajasthan Royals,141.0,20.0,120.0,7.05,142.0,19.4,118.0,7.22,283.0,238,118.91
2009,Match_85,Chennai Super Kings,Delhi Daredevils,145.0,20.0,120.0,7.25,,,,,145.0,120,120.83
2009,Match_86,Kolkata Knight Riders,Kings XI Punjab,153.0,20.0,120.0,7.65,154.0,20.0,120.0,7.7,307.0,240,127.92
2009,Match_87,Mumbai Indians,Royal Challengers Bengaluru,149.0,20.0,120.0,7.45,150.0,18.1,109.0,8.26,299.0,229,130.57
2009,Match_88,Chennai Super Kings,Deccan Chargers,178.0,20.0,120.0,8.9,,,,,178.0,120,148.33
2009,Match_89,Rajasthan Royals,Kings XI Punjab,211.0,20.0,120.0,10.55,133.0,20.0,120.0,6.65,344.0,240,143.33
2009,Match_90,Kolkata Knight Riders,Delhi Daredevils,154.0,20.0,120.0,7.7,157.0,19.0,114.0,8.26,311.0,234,132.91
2009,Match_91,Deccan Chargers,Mumbai Indians,145.0,20.0,120.0,7.25,126.0,20.0,120.0,6.3,271.0,240,112.92
2009,Match_92,Royal Challengers Bengaluru,Rajasthan Royals,107.0,15.0,90.0,7.13,,,,,107.0,90,118.89
2009,Match_93,Chennai Super Kings,Kings XI Punjab,185.0,18.0,108.0,10.28,174.0,18.0,108.0,9.67,359.0,216,166.2
2009,Match_94,Mumbai Indians,Delhi Daredevils,118.0,18.5,113.0,6.27,,,,,118.0,113,104.42
2009,Match_95,Deccan Chargers,Kings XI Punjab,168.0,20.0,120.0,8.4,169.0,19.5,119.0,8.52,337.0,239,141.0
2009,Match_96,Rajasthan Royals,Chennai Super Kings,140.0,20.0,120.0,7.0,141.0,18.2,110.0,7.69,281.0,230,122.17
2009,Match_97,Mumbai Indians,Royal Challengers Bengaluru,157.0,20.0,120.0,7.85,141.0,20.0,120.0,7.05,298.0,240,124.17
2009,Match_98,Kolkata Knight Riders,Delhi Daredevils,123.0,20.0,120.0,6.15,125.0,17.1,103.0,7.28,248.0,223,111.21
2009,Match_99,Deccan Chargers,Rajasthan Royals,166.0,20.0,120.0,8.3,,,,,166.0,120,138.33
2009,Match_100,Kolkata Knight Riders,Royal Challengers Bengaluru,173.0,20.0,120.0,8.65,176.0,19.2,116.0,9.1,349.0,236,147.88
2009,Match_101,Kings XI Punjab,Mumbai Indians,119.0,20.0,120.0,5.95,122.0,16.2,98.0,7.47,241.0,218,110.55
2009,Match_102,Delhi Daredevils,Deccan Chargers,173.0,20.0,120.0,8.65,,,,,173.0,120,144.17
2009,Match_103,Chennai Super Kings,Royal Challengers Bengaluru,132.0,19.4,118.0,6.71,,,,,132.0,118,111.86
2009,Match_104,Rajasthan Royals,Mumbai Indians,145.0,20.0,120.0,7.25,,,,,145.0,120,120.83
2009,Match_105,Delhi Daredevils,Kings XI Punjab,120.0,20.0,120.0,6.0,123.0,19.1,115.0,6.42,243.0,235,103.4
2009,Match_106,Mumbai Indians,Chennai Super Kings,147.0,20.0,120.0,7.35,151.0,19.1,115.0,7.88,298.0,235,126.81
2009,Match_107,Kolkata Knight Riders,Deccan Chargers,160.0,20.0,120.0,8.0,166.0,20.0,120.0,8.3,326.0,240,135.83
2009,Match_108,Kings XI Punjab,Deccan Chargers,134.0,20.0,120.0,6.7,133.0,20.0,120.0,6.65,267.0,240,111.25
2009,Match_109,Delhi Daredevils,Rajasthan Royals,150.0,20.0,120.0,7.5,136.0,20.0,120.0,6.8,286.0,240,119.17
2009,Match_110,Chennai Super Kings,Kolkata Knight Riders,188.0,20.0,120.0,9.4,189.0,20.0,120.0,9.45,377.0,240,157.08
2009,Match_111,Delhi Daredevils,Royal Challengers Bengaluru,134.0,20.0,120.0,6.7,135.0,19.0,114.0,7.11,269.0,234,114.96
2009,Match_112,Rajasthan Royals,Kolkata Knight Riders,101.0,20.0,120.0,5.05,102.0,19.3,117.0,5.23,203.0,237,85.65
2009,Match_113,Chennai Super Kings,Kings XI Punjab,116.0,20.0,120.0,5.8,92.0,20.0,120.0,4.6,208.0,240,86.67
2009,Match_114,Mumbai Indians,Delhi Daredevils,165.0,20.0,120.0,8.25,166.0,17.3,105.0,9.49,331.0,225,147.11
2009,Match_115,Royal Challengers Bengaluru,Deccan Chargers,170.0,20.0,120.0,8.5,158.0,20.0,120.0,7.9,328.0,240,136.67
2009,Match_116,Delhi Daredevils,Deccan Chargers,153.0,20.0,120.0,7.65,154.0,17.4,106.0,8.72,307.0,226,135.84
2009,Match_117,Chennai Super Kings,Royal Challengers Bengaluru,146.0,20.0,120.0,7.3,149.0,18.5,113.0,7.91,295.0,233,126.61
2009,Match_118,Deccan Chargers,Royal Challengers Bengaluru,143.0,20.0,120.0,7.15,137.0,20.0,120.0,6.85,280.0,240,116.67
2010,Match_119,Kolkata Knight Riders,Deccan Chargers,161.0,20.0,120.0,8.05,150.0,20.0,120.0,7.5,311.0,240,129.58
2010,Match_120,Mumbai Indians,Rajasthan Royals,212.0,20.0,120.0,10.6,208.0,20.0,120.0,10.4,420.0,240,175.0
2010,Match_121,Kings XI Punjab,Delhi Daredevils,142.0,20.0,120.0,7.1,146.0,19.5,119.0,7.36,288.0,239,120.5
2010,Match_122,Royal Challengers Bengaluru,Kolkata Knight Riders,135.0,20.0,120.0,6.75,136.0,19.2,116.0,7.03,271.0,236,114.83
2010,Match_123,Deccan Chargers,Chennai Super Kings,190.0,20.0,120.0,9.5,159.0,20.0,120.0,7.95,349.0,240,145.42
2010,Match_124,Rajasthan Royals,Delhi Daredevils,141.0,20.0,120.0,7.05,142.0,17.1,103.0,8.27,283.0,223,126.91
2010,Match_125,Kings XI Punjab,Royal Challengers Bengaluru,203.0,20.0,120.0,10.15,204.0,18.5,113.0,10.83,407.0,233,174.68
2010,Match_126,Chennai Super Kings,Kolkata Knight Riders,164.0,20.0,120.0,8.2,,,,,164.0,120,136.67
2010,Match_127,Mumbai Indians,Delhi Daredevils,218.0,20.0,120.0,10.9,,,,,218.0,120,181.67
2010,Match_128,Rajasthan Royals,Royal Challengers Bengaluru,93.0,10.4,64.0,8.72,,,,,93.0,64,145.31
2010,Match_129,Delhi Daredevils,Chennai Super Kings,185.0,20.0,120.0,9.25,190.0,19.1,115.0,9.91,375.0,235,159.57
2010,Match_130,Deccan Chargers,Kings XI Punjab,170.0,20.0,120.0,8.5,164.0,20.0,120.0,8.2,334.0,240,139.17
2010,Match_131,Rajasthan Royals,Kolkata Knight Riders,168.0,20.0,120.0,8.4,134.0,20.0,120.0,6.7,302.0,240,125.83
2010,Match_132,Mumbai Indians,Royal Challengers Bengaluru,151.0,20.0,120.0,7.55,155.0,19.1,115.0,8.09,306.0,235,130.21
2010,Match_133,Deccan Chargers,Delhi Daredevils,171.0,20.0,120.0,8.55,161.0,20.0,120.0,8.05,332.0,240,138.33
2010,Match_134,Kings XI Punjab,Chennai Super Kings,136.0,20.0,120.0,6.8,136.0,20.0,120.0,6.8,272.0,240,113.33
2010,Match_135,Kolkata Knight Riders,Mumbai Indians,155.0,20.0,120.0,7.75,156.0,18.3,111.0,8.43,311.0,231,134.63
2010,Match_136,Royal Challengers Bengaluru,Chennai Super Kings,171.0,20.0,120.0,8.55,135.0,20.0,120.0,6.75,306.0,240,127.5
2010,Match_137,Rajasthan Royals,Kings XI Punjab,183.0,20.0,120.0,9.15,,,,,183.0,120,152.5
2010,Match_138,Delhi Daredevils,Royal Challengers Bengaluru,183.0,20.0,120.0,9.15,166.0,20.0,120.0,8.3,349.0,240,145.42
2010,Match_139,Chennai Super Kings,Mumbai Indians,180.0,20.0,120.0,9.0,181.0,19.0,114.0,9.53,361.0,234,154.27
2010,Match_140,Deccan Chargers,Rajasthan Royals,148.0,20.0,120.0,7.4,151.0,15.4,94.0,9.64,299.0,214,139.72
2010,Match_141,Kolkata Knight Riders,Kings XI Punjab,183.0,20.0,120.0,9.15,144.0,20.0,120.0,7.2,327.0,240,136.25
2010,Match_142,Rajasthan Royals,Chennai Super Kings,177.0,20.0,120.0,8.85,160.0,20.0,120.0,8.0,337.0,240,140.42
2010,Match_143,Mumbai Indians,Deccan Chargers,172.0,20.0,120.0,8.6,,,,,172.0,120,143.33
2010,Match_144,Delhi Daredevils,Kolkata Knight Riders,177.0,20.0,120.0,8.85,137.0,20.0,120.0,6.85,314.0,240,130.83
2010,Match_145,Kings XI Punjab,Mumbai Indians,164.0,19.3,117.0,8.41,,,,,164.0,117,140.17
2010,Match_146,Royal Challengers Bengaluru,Chennai Super Kings,161.0,20.0,120.0,8.05,162.0,18.5,113.0,8.6,323.0,233,138.63
2010,Match_147,Delhi Daredevils,Rajasthan Royals,188.0,20.0,120.0,9.4,,,,,188.0,120,156.67
2010,Match_148,Kolkata Knight Riders,Deccan Chargers,181.0,20.0,120.0,9.05,157.0,20.0,120.0,7.85,338.0,240,140.83
2010,Match_149,Kings XI Punjab,Royal Challengers Bengaluru,181.0,20.0,120.0,9.05,184.0,19.1,115.0,9.6,365.0,235,155.32
2010,Match_150,Chennai Super Kings,Rajasthan Royals,246.0,20.0,120.0,12.3,223.0,20.0,120.0,11.15,469.0,240,195.42
2010,Match_151,Mumbai Indians,Deccan Chargers,178.0,20.0,120.0,8.9,,,,,178.0,120,148.33
2010,Match_152,Kolkata Knight Riders,Kings XI Punjab,200.0,20.0,120.0,10.0,204.0,18.2,110.0,11.13,404.0,230,175.65
2010,Match_153,Delhi Daredevils,Royal Challengers Bengaluru,184.0,20.0,120.0,9.2,147.0,20.0,120.0,7.35,331.0,240,137.92
2010,Match_154,Rajasthan Royals,Deccan Chargers,,,,,,,,,0.0,0,0.0
2010,Match_155,Chennai Super Kings,Mumbai Indians,165.0,20.0,120.0,8.25,141.0,20.0,120.0,7.05,306.0,240,127.5
2010,Match_156,Kings XI Punjab,Rajasthan Royals,153.0,20.0,120.0,7.65,157.0,15.0,90.0,10.47,310.0,210,147.62
2010,Match_157,Kolkata Knight Riders,Delhi Daredevils,181.0,20.0,120.0,9.05,167.0,20.0,120.0,8.35,348.0,240,145.0
2010,Match_158,Royal Challengers Bengaluru,Deccan Chargers,184.0,20.0,120.0,9.2,186.0,19.2,116.0,9.62,370.0,236,156.78
2010,Match_159,Mumbai Indians,Kings XI Punjab,154.0,20.0,120.0,7.7,158.0,19.2,116.0,8.17,312.0,236,132.2
2010,Match_160,Chennai Super Kings,Deccan Chargers,138.0,20.0,120.0,6.9,139.0,19.1,115.0,7.25,277.0,235,117.87
2010,Match_161,Kolkata Knight Riders,Royal Challengers Bengaluru,160.0,20.0,120.0,8.0,162.0,17.1,103.0,9.44,322.0,223,144.39
2010,Match_162,Delhi Daredevils,Kings XI Punjab,112.0,18.4,112.0,6.0,,,,,112.0,112,100.0
2010,Match_163,Mumbai Indians,Rajasthan Royals,174.0,20.0,120.0,8.7,137.0,20.0,120.0,6.85,311.0,240,129.58
2010,Match_164,Deccan Chargers,Royal Challengers Bengaluru,151.0,20.0,120.0,7.55,,,,,151.0,120,125.83
2010,Match_165,Mumbai Indians,Delhi Daredevils,183.0,20.0,120.0,9.15,144.0,20.0,120.0,7.2,327.0,240,136.25
2010,Match_166,Kolkata Knight Riders,Chennai Super Kings,139.0,20.0,120.0,6.95,143.0,13.3,81.0,10.59,282.0,201,140.3
2010,Match_167,Rajasthan Royals,Royal Challengers Bengaluru,130.0,20.0,120.0,6.5,132.0,15.4,94.0,8.43,262.0,214,122.43
2010,Match_168,Chennai Super Kings,Delhi Daredevils,112.0,20.0,120.0,5.6,113.0,18.4,112.0,6.05,225.0,232,96.98
2010,Match_169,Kings XI Punjab,Deccan Chargers,174.0,20.0,120.0,8.7,178.0,19.1,115.0,9.29,352.0,235,149.79
2010,Match_170,Mumbai Indians,Royal Challengers Bengaluru,191.0,20.0,120.0,9.55,134.0,20.0,120.0,6.7,325.0,240,135.42
2010,Match_171,Rajasthan Royals,Kolkata Knight Riders,132.0,20.0,120.0,6.6,133.0,16.1,97.0,8.23,265.0,217,122.12
2010,Match_172,Kings XI Punjab,Chennai Super Kings,192.0,20.0,120.0,9.6,195.0,19.4,118.0,9.92,387.0,238,162.61
2010,Match_173,Deccan Chargers,Delhi Daredevils,145.0,20.0,120.0,7.25,134.0,20.0,120.0,6.7,279.0,240,116.25
2010,Match_174,Mumbai Indians,Kolkata Knight Riders,133.0,20.0,120.0,6.65,135.0,17.3,105.0,7.71,268.0,225,119.11
2010,Match_175,Mumbai Indians,Royal Challengers Bengaluru,184.0,20.0,120.0,9.2,149.0,20.0,120.0,7.45,333.0,240,138.75
2010,Match_176,Chennai Super Kings,Deccan Chargers,142.0,20.0,120.0,7.1,,,,,142.0,120,118.33
2010,Match_177,Deccan Chargers,Royal Challengers Bengaluru,86.0,13.5,83.0,6.22,,,,,86.0,83,103.61
2010,Match_178,Chennai Super Kings,Mumbai Indians,168.0,20.0,120.0,8.4,146.0,20.0,120.0,7.3,314.0,240,130.83
2011,Match_179,Chennai Super Kings,Kolkata Knight Riders,153.0,20.0,120.0,7.65,151.0,20.0,120.0,7.55,304.0,240,126.67
2011,Match_180,Deccan Chargers,Rajasthan Royals,137.0,20.0,120.0,6.85,141.0,18.5,113.0,7.49,278.0,233,119.31
2011,Match_181,Kochi Tuskers Kerala,Royal Challengers Bengaluru,161.0,20.0,120.0,8.05,162.0,18.4,112.0,8.68,323.0,232,139.22
2011,Match_182,Delhi Daredevils,Mumbai Indians,99.0,16.5,101.0,5.88,,,,,99.0,101,98.02
2011,Match_183,Kings XI Punjab,Pune Warriors,112.0,20.0,120.0,5.6,113.0,13.1,79.0,8.58,225.0,199,113.07
2011,Match_184,Kolkata Knight Riders,Deccan Chargers,163.0,20.0,120.0,8.15,154.0,20.0,120.0,7.7,317.0,240,132.08
2011,Match_185,Delhi Daredevils,Rajasthan Royals,151.0,20.0,120.0,7.55,152.0,18.3,111.0,8.22,303.0,231,131.17
2011,Match_186,Royal Challengers Bengaluru,Mumbai Indians,140.0,20.0,120.0,7.0,143.0,18.3,111.0,7.73,283.0,231,122.51
2011,Match_187,Chennai Super Kings,Kings XI Punjab,188.0,20.0,120.0,9.4,193.0,19.1,115.0,10.07,381.0,235,162.13
2011,Match_188,Kochi Tuskers Kerala,Pune Warriors,148.0,20.0,120.0,7.4,151.0,18.5,113.0,8.02,299.0,233,128.33
2011,Match_189,Deccan Chargers,Royal Challengers Bengaluru,175.0,20.0,120.0,8.75,142.0,20.0,120.0,7.1,317.0,240,132.08
2011,Match_190,Rajasthan Royals,Kolkata Knight Riders,159.0,20.0,120.0,7.95,160.0,18.3,111.0,8.65,319.0,231,138.1
2011,Match_191,Mumbai Indians,Kochi Tuskers Kerala,182.0,20.0,120.0,9.1,184.0,19.0,114.0,9.68,366.0,234,156.41
2011,Match_192,Chennai Super Kings,Royal Challengers Bengaluru,183.0,20.0,120.0,9.15,162.0,20.0,120.0,8.1,345.0,240,143.75
2011,Match_193,Deccan Chargers,Kings XI Punjab,165.0,20.0,120.0,8.25,166.0,17.4,106.0,9.4,331.0,226,146.46
2011,Match_194,Pune Warriors,Delhi Daredevils,187.0,20.0,120.0,9.35,190.0,19.2,116.0,9.83,377.0,236,159.75
2011,Match_195,Rajasthan Royals,Kolkata Knight Riders,85.0,13.5,83.0,6.14,,,,,85.0,83,102.41
2011,Match_196,Chennai Super Kings,Kochi Tuskers Kerala,131.0,17.0,102.0,7.71,135.0,15.0,90.0,9.0,266.0,192,138.54
2011,Match_197,Deccan Chargers,Delhi Daredevils,168.0,20.0,120.0,8.4,152.0,20.0,120.0,7.6,320.0,240,133.33
2011,Match_199,Pune Warriors,Mumbai Indians,124.0,20.0,120.0,6.2,,,,,124.0,120,103.33
2011,Match_200,Kochi Tuskers Kerala,Kolkata Knight Riders,132.0,20.0,120.0,6.6,126.0,20.0,120.0,6.3,258.0,240,107.5
2011,Match_201,Kings XI Punjab,Rajasthan Royals,195.0,20.0,120.0,9.75,147.0,20.0,120.0,7.35,342.0,240,142.5
2011,Match_202,Kolkata Knight Riders,Royal Challengers Bengaluru,171.0,20.0,120.0,8.55,175.0,18.1,109.0,9.63,346.0,229,151.09
2011,Match_203,Mumbai Indians,Chennai Super Kings,164.0,20.0,120.0,8.2,156.0,20.0,120.0,7.8,320.0,240,133.33
2011,Match_204,Delhi Daredevils,Kings XI Punjab,231.0,20.0,120.0,11.55,202.0,20.0,120.0,10.1,433.0,240,180.42
2011,Match_205,Mumbai Indians,Deccan Chargers,172.0,20.0,120.0,8.6,135.0,20.0,120.0,6.75,307.0,240,127.92
2011,Match_206,Kochi Tuskers Kerala,Rajasthan Royals,111.0,14.1,85.0,7.84,,,,,111.0,85,130.59
2011,Match_207,Chennai Super Kings,Pune Warriors,142.0,20.0,120.0,7.1,117.0,20.0,120.0,5.85,259.0,240,107.92
2011,Match_208,Delhi Daredevils,Royal Challengers Bengaluru,160.0,20.0,120.0,8.0,161.0,19.3,117.0,8.26,321.0,237,135.44
2011,Match_209,Pune Warriors,Chennai Super Kings,141.0,20.0,120.0,7.05,145.0,19.3,117.0,7.44,286.0,237,120.68
2011,Match_210,Deccan Chargers,Kochi Tuskers Kerala,129.0,20.0,120.0,6.45,,,,,129.0,120,107.5
2011,Match_211,Kolkata Knight Riders,Delhi Daredevils,148.0,20.0,120.0,7.4,131.0,20.0,120.0,6.55,279.0,240,116.25
2011,Match_212,Mumbai Indians,Rajasthan Royals,94.0,20.0,120.0,4.7,95.0,18.1,109.0,5.23,189.0,229,82.53
2011,Match_213,Royal Challengers Bengaluru,Pune Warriors,181.0,20.0,120.0,9.05,155.0,20.0,120.0,7.75,336.0,240,140.0
2011,Match_214,Delhi Daredevils,Kochi Tuskers Kerala,157.0,20.0,120.0,7.85,,,,,157.0,120,130.83
2011,Match_215,Kings XI Punjab,Kolkata Knight Riders,119.0,20.0,120.0,5.95,120.0,17.2,104.0,6.92,239.0,224,106.7
2011,Match_216,Pune Warriors,Rajasthan Royals,143.0,20.0,120.0,7.15,144.0,19.3,117.0,7.38,287.0,237,121.1
2011,Match_217,Chennai Super Kings,Deccan Chargers,165.0,20.0,120.0,8.25,146.0,20.0,120.0,7.3,311.0,240,129.58
2011,Match_218,Mumbai Indians,Kings XI Punjab,159.0,20.0,120.0,7.95,136.0,20.0,120.0,6.8,295.0,240,122.92
2011,Match_219,Delhi Daredevils,Kochi Tuskers Kerala,140.0,20.0,120.0,7.0,141.0,15.0,90.0,9.4,281.0,210,133.81
2011,Match_220,Kolkata Knight Riders,Deccan Chargers,169.0,20.0,120.0,8.45,149.0,20.0,120.0,7.45,318.0,240,132.5
2011,Match_221,Rajasthan Royals,Chennai Super Kings,147.0,20.0,120.0,7.35,149.0,18.4,112.0,7.98,296.0,232,127.59
2011,Match_222,Mumbai Indians,Pune Warriors,160.0,20.0,120.0,8.0,139.0,20.0,120.0,6.95,299.0,240,124.58
2011,Match_223,Kochi Tuskers Kerala,Kolkata Knight Riders,156.0,20.0,120.0,7.8,139.0,20.0,120.0,6.95,295.0,240,122.92
2011,Match_224,Deccan Chargers,Delhi Daredevils,175.0,20.0,120.0,8.75,179.0,19.0,114.0,9.42,354.0,234,151.28
2011,Match_225,Royal Challengers Bengaluru,Kings XI Punjab,205.0,20.0,120.0,10.25,120.0,20.0,120.0,6.0,325.0,240,135.42
2011,Match_226,Chennai Super Kings,Kolkata Knight Riders,114.0,20.0,120.0,5.7,61.0,10.0,60.0,6.1,175.0,180,97.22
2011,Match_227,Mumbai Indians,Delhi Daredevils,178.0,20.0,120.0,8.9,,,,,178.0,120,148.33
2011,Match_228,Kochi Tuskers Kerala,Royal Challengers Bengaluru,125.0,20.0,120.0,6.25,128.0,13.1,79.0,9.72,253.0,199,127.14
2011,Match_229,Kings XI Punjab,Pune Warriors,119.0,20.0,120.0,5.95,120.0,17.1,103.0,6.99,239.0,223,107.17
2011,Match_230,Chennai Super Kings,Rajasthan Royals,196.0,20.0,120.0,9.8,,,,,196.0,120,163.33
2011,Match_231,Deccan Chargers,Pune Warriors,136.0,20.0,120.0,6.8,137.0,18.2,110.0,7.47,273.0,230,118.7
2011,Match_232,Kings XI Punjab,Mumbai Indians,163.0,20.0,120.0,8.15,,,,,163.0,120,135.83
2011,Match_233,Rajasthan Royals,Royal Challengers Bengaluru,146.0,20.0,120.0,7.3,151.0,17.0,102.0,8.88,297.0,222,133.78
2011,Match_234,Chennai Super Kings,Delhi Daredevils,176.0,20.0,120.0,8.8,158.0,20.0,120.0,7.9,334.0,240,139.17
2011,Match_235,Kochi Tuskers Kerala,Kings XI Punjab,178.0,20.0,120.0,8.9,181.0,18.5,113.0,9.61,359.0,233,154.08
2011,Match_236,Kolkata Knight Riders,Royal Challengers Bengaluru,89.0,13.0,78.0,6.85,105.0,12.3,75.0,8.4,194.0,153,126.8
2011,Match_237,Deccan Chargers,Mumbai Indians,135.0,20.0,120.0,6.75,125.0,20.0,120.0,6.25,260.0,240,108.33
2011,Match_238,Kings XI Punjab,Delhi Daredevils,170.0,20.0,120.0,8.5,141.0,20.0,120.0,7.05,311.0,240,129.58
2011,Match_239,Rajasthan Royals,Kochi Tuskers Kerala,98.0,7.2,44.0,13.36,,,,,98.0,44,222.73
2011,Match_240,Pune Warriors,Deccan Chargers,136.0,20.0,120.0,6.8,138.0,19.2,116.0,7.14,274.0,236,116.1
2011,Match_241,Kings XI Punjab,Royal Challengers Bengaluru,232.0,20.0,120.0,11.6,,,,,232.0,120,193.33
2011,Match_242,Chennai Super Kings,Kochi Tuskers Kerala,152.0,20.0,120.0,7.6,141.0,20.0,120.0,7.05,293.0,240,122.08
2011,Match_243,Pune Warriors,Kolkata Knight Riders,118.0,20.0,120.0,5.9,119.0,16.4,100.0,7.14,237.0,220,107.73
2011,Match_244,Mumbai Indians,Rajasthan Royals,133.0,20.0,120.0,6.65,134.0,13.1,79.0,10.18,267.0,199,134.17
2011,Match_245,Deccan Chargers,Kings XI Punjab,198.0,20.0,120.0,9.9,,,,,198.0,120,165.0
2011,Match_246,Delhi Daredevils,Team 2,56.0,10.1,61.0,5.51,,,,,56.0,61,91.8
2011,Match_247,Chennai Super Kings,Royal Challengers Bengaluru,128.0,20.0,120.0,6.4,129.0,18.0,108.0,7.17,257.0,228,112.72
2011,Match_248,Kolkata Knight Riders,Mumbai Indians,175.0,20.0,120.0,8.75,178.0,20.0,120.0,8.9,353.0,240,147.08
2011,Match_249,Royal Challengers Bengaluru,Chennai Super Kings,175.0,20.0,120.0,8.75,177.0,19.4,118.0,9.0,352.0,238,147.9
2011,Match_250,Kolkata Knight Riders,Mumbai Indians,147.0,20.0,120.0,7.35,148.0,19.2,116.0,7.66,295.0,236,125.0
2011,Match_251,Royal Challengers Bengaluru,Mumbai Indians,185.0,20.0,120.0,9.25,142.0,20.0,120.0,7.1,327.0,240,136.25
2011,Match_252,Chennai Super Kings,Royal Challengers Bengaluru,205.0,20.0,120.0,10.25,147.0,20.0,120.0,7.35,352.0,240,146.67
2012,Match_253,Chennai Super Kings,Mumbai Indians,115.0,16.5,101.0,6.83,,,,,115.0,101,113.86
2012,Match_254,Kolkata Knight Riders,Delhi Daredevils,97.0,12.0,72.0,8.08,100.0,11.1,67.0,8.96,197.0,139,141.73
2012,Match_255,Pune Warriors,Mumbai Indians,129.0,20.0,120.0,6.45,101.0,20.0,120.0,5.05,230.0,240,95.83
2012,Match_256,Rajasthan Royals,Kings XI Punjab,191.0,20.0,120.0,9.55,160.0,20.0,120.0,8.0,351.0,240,146.25
2012,Match_257,Royal Challengers Bengaluru,Delhi Daredevils,157.0,20.0,120.0,7.85,137.0,20.0,120.0,6.85,294.0,240,122.5
2012,Match_258,Chennai Super Kings,Deccan Chargers,193.0,20.0,120.0,9.65,,,,,193.0,120,160.83
2012,Match_259,Rajasthan Royals,Kolkata Knight Riders,164.0,20.0,120.0,8.2,,,,,164.0,120,136.67
2012,Match_260,Pune Warriors,Kings XI Punjab,166.0,20.0,120.0,8.3,144.0,20.0,120.0,7.2,310.0,240,129.17
2012,Match_261,Deccan Chargers,Mumbai Indians,138.0,20.0,120.0,6.9,142.0,20.0,120.0,7.1,280.0,240,116.67
2012,Match_262,Kolkata Knight Riders,Royal Challengers Bengaluru,165.0,20.0,120.0,8.25,123.0,20.0,120.0,6.15,288.0,240,120.0
2012,Match_263,Chennai Super Kings,Delhi Daredevils,110.0,20.0,120.0,5.5,111.0,13.2,80.0,8.32,221.0,200,110.5
2012,Match_264,Mumbai Indians,Rajasthan Royals,197.0,20.0,120.0,9.85,,,,,197.0,120,164.17
2012,Match_265,Royal Challengers Bengaluru,Chennai Super Kings,205.0,20.0,120.0,10.25,208.0,20.0,120.0,10.4,413.0,240,172.08
2012,Match_266,Pune Warriors,Kings XI Punjab,116.0,17.4,106.0,6.57,,,,,116.0,106,109.43
2012,Match_267,Rajasthan Royals,Kolkata Knight Riders,131.0,20.0,120.0,6.55,137.0,19.2,116.0,7.09,268.0,236,113.56
2012,Match_268,Chennai Super Kings,Pune Warriors,155.0,20.0,120.0,7.75,156.0,19.2,116.0,8.07,311.0,236,131.78
2012,Match_269,Kings XI Punjab,Kolkata Knight Riders,134.0,20.0,120.0,6.7,132.0,20.0,120.0,6.6,266.0,240,110.83
2012,Match_270,Rajasthan Royals,Royal Challengers Bengaluru,195.0,20.0,120.0,9.75,,,,,195.0,120,162.5
2012,Match_271,Mumbai Indians,Delhi Daredevils,93.0,14.5,89.0,6.27,,,,,93.0,89,104.49
2012,Match_272,Deccan Chargers,Rajasthan Royals,196.0,20.0,120.0,9.8,197.0,19.4,118.0,10.02,393.0,238,165.13
2012,Match_273,Pune Warriors,Royal Challengers Bengaluru,182.0,20.0,120.0,9.1,186.0,20.0,120.0,9.3,368.0,240,153.33
2012,Match_274,Kings XI Punjab,Kolkata Knight Riders,124.0,20.0,120.0,6.2,127.0,16.3,99.0,7.7,251.0,219,114.61
2012,Match_275,Deccan Chargers,Delhi Daredevils,157.0,20.0,120.0,7.85,162.0,19.1,115.0,8.45,319.0,235,135.74
2012,Match_276,Chennai Super Kings,Pune Warriors,164.0,20.0,120.0,8.2,151.0,20.0,120.0,7.55,315.0,240,131.25
2012,Match_277,Kings XI Punjab,Royal Challengers Bengaluru,163.0,20.0,120.0,8.15,166.0,19.3,117.0,8.51,329.0,237,138.82
2012,Match_278,Rajasthan Royals,Chennai Super Kings,146.0,20.0,120.0,7.3,147.0,20.0,120.0,7.35,293.0,240,122.08
2012,Match_279,Pune Warriors,Delhi Daredevils,192.0,20.0,120.0,9.6,172.0,20.0,120.0,8.6,364.0,240,151.67
2012,Match_280,Mumbai Indians,Kings XI Punjab,163.0,20.0,120.0,8.15,164.0,19.3,117.0,8.41,327.0,237,137.97
2012,Match_281,Deccan Chargers,Kolkata Knight Riders,126.0,20.0,120.0,6.3,127.0,19.0,114.0,6.68,253.0,234,108.12
2012,Match_282,Royal Challengers Bengaluru,Rajasthan Royals,189.0,20.0,120.0,9.45,143.0,20.0,120.0,7.15,332.0,240,138.33
2012,Match_283,Pune Warriors,Delhi Daredevils,146.0,20.0,120.0,7.3,148.0,16.0,96.0,9.25,294.0,216,136.11
2012,Match_285,Kings XI Punjab,Mumbai Indians,168.0,20.0,120.0,8.4,171.0,19.5,119.0,8.62,339.0,239,141.84
2012,Match_286,Team 1,Team 2,,,,,,,,,0.0,0,0.0
2012,Match_287,Deccan Chargers,Pune Warriors,177.0,20.0,120.0,8.85,159.0,20.0,120.0,7.95,336.0,240,140.0
2012,Match_288,Delhi Daredevils,Mumbai Indians,207.0,20.0,120.0,10.35,170.0,20.0,120.0,8.5,377.0,240,157.08
2012,Match_289,Kings XI Punjab,Chennai Super Kings,156.0,20.0,120.0,7.8,149.0,20.0,120.0,7.45,305.0,240,127.08
2012,Match_290,Kolkata Knight Riders,Royal Challengers Bengaluru,190.0,20.0,120.0,9.5,143.0,20.0,120.0,7.15,333.0,240,138.75
2012,Match_291,Delhi Daredevils,Rajasthan Royals,152.0,20.0,120.0,7.6,151.0,20.0,120.0,7.55,303.0,240,126.25
2012,Match_292,Deccan Chargers,Mumbai Indians,101.0,18.1,109.0,5.56,,,,,101.0,109,92.66
2012,Match_293,Chennai Super Kings,Kolkata Knight Riders,139.0,20.0,120.0,6.95,140.0,19.4,118.0,7.12,279.0,238,117.23
2012,Match_294,Deccan Chargers,Pune Warriors,186.0,20.0,120.0,9.3,173.0,20.0,120.0,8.65,359.0,240,149.58
2012,Match_295,Rajasthan Royals,Delhi Daredevils,141.0,20.0,120.0,7.05,144.0,15.2,92.0,9.39,285.0,212,134.43
2012,Match_296,Royal Challengers Bengaluru,Kings XI Punjab,158.0,20.0,120.0,7.9,163.0,19.5,119.0,8.22,321.0,239,134.31
2012,Match_297,Mumbai Indians,Pune Warriors,120.0,20.0,120.0,6.0,119.0,20.0,120.0,5.95,239.0,240,99.58
2012,Match_298,Chennai Super Kings,Deccan Chargers,160.0,20.0,120.0,8.0,150.0,20.0,120.0,7.5,310.0,240,129.17
2012,Match_299,Kolkata Knight Riders,Pune Warriors,150.0,20.0,120.0,7.5,143.0,20.0,120.0,7.15,293.0,240,122.08
2012,Match_300,Rajasthan Royals,Kings XI Punjab,177.0,20.0,120.0,8.85,134.0,20.0,120.0,6.7,311.0,240,129.58
2012,Match_301,Chennai Super Kings,Mumbai Indians,173.0,20.0,120.0,8.65,174.0,20.0,120.0,8.7,347.0,240,144.58
2012,Match_302,Deccan Chargers,Royal Challengers Bengaluru,181.0,20.0,120.0,9.05,185.0,18.5,113.0,9.82,366.0,233,157.08
2012,Match_303,Delhi Daredevils,Kolkata Knight Riders,153.0,20.0,120.0,7.65,154.0,18.4,112.0,8.25,307.0,232,132.33
2012,Match_304,Pune Warriors,Rajasthan Royals,125.0,20.0,120.0,6.25,126.0,16.2,98.0,7.71,251.0,218,115.14
2012,Match_305,Kings XI Punjab,Deccan Chargers,170.0,20.0,120.0,8.5,145.0,20.0,120.0,7.25,315.0,240,131.25
2012,Match_306,Mumbai Indians,Royal Challengers Bengaluru,141.0,20.0,120.0,7.05,142.0,18.0,108.0,7.89,283.0,228,124.12
2012,Match_307,Deccan Chargers,Delhi Daredevils,187.0,20.0,120.0,9.35,193.0,16.4,100.0,11.58,380.0,220,172.73
2012,Match_308,Rajasthan Royals,Chennai Super Kings,126.0,20.0,120.0,6.3,127.0,18.1,109.0,6.99,253.0,229,110.48
2012,Match_309,Royal Challengers Bengaluru,Pune Warriors,173.0,20.0,120.0,8.65,138.0,20.0,120.0,6.9,311.0,240,129.58
2012,Match_310,Mumbai Indians,Kolkata Knight Riders,182.0,20.0,120.0,9.1,155.0,20.0,120.0,7.75,337.0,240,140.42
2012,Match_311,Delhi Daredevils,Chennai Super Kings,114.0,20.0,120.0,5.7,115.0,15.2,92.0,7.5,229.0,212,108.02
2012,Match_312,Rajasthan Royals,Pune Warriors,170.0,20.0,120.0,8.5,125.0,20.0,120.0,6.25,295.0,240,122.92
2012,Match_313,Deccan Chargers,Kings XI Punjab,190.0,20.0,120.0,9.5,194.0,20.0,120.0,9.7,384.0,240,160.0
2012,Match_314,Royal Challengers Bengaluru,Mumbai Indians,171.0,20.0,120.0,8.55,173.0,19.4,118.0,8.8,344.0,238,144.54
2012,Match_315,Kolkata Knight Riders,Chennai Super Kings,158.0,20.0,120.0,7.9,160.0,20.0,120.0,8.0,318.0,240,132.5
2012,Match_316,Kings XI Punjab,Delhi Daredevils,136.0,20.0,120.0,6.8,140.0,19.0,114.0,7.37,276.0,234,117.95
2012,Match_317,Kolkata Knight Riders,Mumbai Indians,140.0,20.0,120.0,7.0,,,,,140.0,120,116.67
2012,Match_318,Chennai Super Kings,Kings XI Punjab,120.0,20.0,120.0,6.0,123.0,16.3,99.0,7.45,243.0,219,110.96
2012,Match_319,Royal Challengers Bengaluru,Delhi Daredevils,215.0,20.0,120.0,10.75,194.0,20.0,120.0,9.7,409.0,240,170.42
2012,Match_320,Rajasthan Royals,Deccan Chargers,126.0,20.0,120.0,6.3,128.0,18.4,112.0,6.86,254.0,232,109.48
2012,Match_321,Kings XI Punjab,Delhi Daredevils,141.0,20.0,120.0,7.05,145.0,18.2,110.0,7.91,286.0,230,124.35
2012,Match_322,Kolkata Knight Riders,Pune Warriors,136.0,20.0,120.0,6.8,102.0,20.0,120.0,5.1,238.0,240,99.17
2012,Match_323,Deccan Chargers,Royal Challengers Bengaluru,132.0,20.0,120.0,6.6,123.0,20.0,120.0,6.15,255.0,240,106.25
2012,Match_324,Rajasthan Royals,Mumbai Indians,162.0,20.0,120.0,8.1,163.0,18.0,108.0,9.06,325.0,228,142.54
2012,Match_325,Kolkata Knight Riders,Delhi Daredevils,162.0,20.0,120.0,8.1,144.0,20.0,120.0,7.2,306.0,240,127.5
2012,Match_326,Chennai Super Kings,Mumbai Indians,187.0,20.0,120.0,9.35,149.0,20.0,120.0,7.45,336.0,240,140.0
2012,Match_327,Chennai Super Kings,Delhi Daredevils,222.0,20.0,120.0,11.1,,,,,222.0,120,185.0
2012,Match_328,Chennai Super Kings,Kolkata Knight Riders,190.0,20.0,120.0,9.5,192.0,19.4,118.0,9.76,382.0,238,160.5
2013,Match_329,Delhi Daredevils,Kolkata Knight Riders,129.0,18.4,112.0,6.91,,,,,129.0,112,115.18
2013,Match_330,Royal Challengers Bengaluru,Mumbai Indians,156.0,20.0,120.0,7.8,154.0,20.0,120.0,7.7,310.0,240,129.17
2013,Match_331,Sunrisers Hyderabad,Pune Warriors,126.0,20.0,120.0,6.3,,,,,126.0,120,105.0
2013,Match_332,Rajasthan Royals,Delhi Daredevils,165.0,20.0,120.0,8.25,160.0,20.0,120.0,8.0,325.0,240,135.42
2013,Match_333,Mumbai Indians,Chennai Super Kings,148.0,20.0,120.0,7.4,139.0,20.0,120.0,6.95,287.0,240,119.58
2013,Match_334,Pune Warriors,Kings XI Punjab,99.0,20.0,120.0,4.95,100.0,12.2,74.0,8.11,199.0,194,102.58
2013,Match_335,Royal Challengers Bengaluru,Sunrisers Hyderabad,130.0,20.0,120.0,6.5,130.0,20.0,120.0,6.5,260.0,240,108.33
2013,Match_336,Rajasthan Royals,Kolkata Knight Riders,144.0,20.0,120.0,7.2,,,,,144.0,120,120.0
2013,Match_337,Sunrisers Hyderabad,Royal Challengers Bengaluru,161.0,20.0,120.0,8.05,162.0,17.4,106.0,9.17,323.0,226,142.92
2013,Match_338,Mumbai Indians,Delhi Daredevils,209.0,20.0,120.0,10.45,165.0,20.0,120.0,8.25,374.0,240,155.83
2013,Match_339,Kings XI Punjab,Chennai Super Kings,139.0,17.2,104.0,8.02,,,,,139.0,104,133.65
2013,Match_340,Kolkata Knight Riders,Royal Challengers Bengaluru,154.0,20.0,120.0,7.7,158.0,17.3,105.0,9.03,312.0,225,138.67
2013,Match_341,Rajasthan Royals,Pune Warriors,145.0,20.0,120.0,7.25,148.0,18.4,112.0,7.93,293.0,232,126.29
2013,Match_342,Delhi Daredevils,Sunrisers Hyderabad,114.0,20.0,120.0,5.7,115.0,19.2,116.0,5.95,229.0,236,97.03
2013,Match_343,Mumbai Indians,Pune Warriors,183.0,20.0,120.0,9.15,142.0,20.0,120.0,7.1,325.0,240,135.42
2013,Match_344,Royal Challengers Bengaluru,Chennai Super Kings,165.0,20.0,120.0,8.25,166.0,19.5,119.0,8.37,331.0,239,138.49
2013,Match_345,Kolkata Knight Riders,Sunrisers Hyderabad,180.0,20.0,120.0,9.0,132.0,20.0,120.0,6.6,312.0,240,130.0
2013,Match_346,Kings XI Punjab,Rajasthan Royals,126.0,19.2,116.0,6.52,,,,,126.0,116,108.62
2013,Match_347,Pune Warriors,Chennai Super Kings,159.0,20.0,120.0,7.95,135.0,20.0,120.0,6.75,294.0,240,122.5
2013,Match_348,Kings XI Punjab,Kolkata Knight Riders,157.0,20.0,120.0,7.85,153.0,20.0,120.0,7.65,310.0,240,129.17
2013,Match_349,Delhi Daredevils,Royal Challengers Bengaluru,152.0,20.0,120.0,7.6,152.0,20.0,120.0,7.6,304.0,240,126.67
2013,Match_350,Sunrisers Hyderabad,Pune Warriors,119.0,20.0,120.0,5.95,,,,,119.0,120,99.17
2013,Match_351,Rajasthan Royals,Mumbai Indians,179.0,20.0,120.0,8.95,,,,,179.0,120,149.17
2013,Match_352,Chennai Super Kings,Delhi Daredevils,169.0,20.0,120.0,8.45,,,,,169.0,120,140.83
2013,Match_353,Kings XI Punjab,Sunrisers Hyderabad,123.0,20.0,120.0,6.15,127.0,18.5,113.0,6.74,250.0,233,107.3
2013,Match_354,Kolkata Knight Riders,Chennai Super Kings,119.0,20.0,120.0,5.95,124.0,19.1,115.0,6.47,243.0,235,103.4
2013,Match_355,Rajasthan Royals,Royal Challengers Bengaluru,123.0,17.5,107.0,6.9,,,,,123.0,107,114.95
2013,Match_356,Mumbai Indians,Delhi Daredevils,161.0,20.0,120.0,8.05,165.0,17.0,102.0,9.71,326.0,222,146.85
2013,Match_357,Pune Warriors,Kings XI Punjab,185.0,20.0,120.0,9.25,186.0,19.5,119.0,9.38,371.0,239,155.23
2013,Match_358,Rajasthan Royals,Chennai Super Kings,185.0,20.0,120.0,9.25,186.0,19.5,119.0,9.38,371.0,239,155.23
2013,Match_359,Royal Challengers Bengaluru,Pune Warriors,263.0,20.0,120.0,13.15,133.0,20.0,120.0,6.65,396.0,240,165.0
2013,Match_360,Delhi Daredevils,Kings XI Punjab,120.0,20.0,120.0,6.0,121.0,17.0,102.0,7.12,241.0,222,108.56
2013,Match_361,Kolkata Knight Riders,Mumbai Indians,159.0,20.0,120.0,7.95,162.0,19.5,119.0,8.17,321.0,239,134.31
2013,Match_362,Sunrisers Hyderabad,Chennai Super Kings,159.0,20.0,120.0,7.95,160.0,19.4,118.0,8.14,319.0,238,134.03
2013,Match_363,Kings XI Punjab,Kolkata Knight Riders,149.0,20.0,120.0,7.45,150.0,18.2,110.0,8.18,299.0,230,130.0
2013,Match_364,Sunrisers Hyderabad,Rajasthan Royals,144.0,20.0,120.0,7.2,146.0,17.5,107.0,8.19,290.0,227,127.75
2013,Match_365,Mumbai Indians,Royal Challengers Bengaluru,194.0,20.0,120.0,9.7,136.0,20.0,120.0,6.8,330.0,240,137.5
2013,Match_366,Chennai Super Kings,Kolkata Knight Riders,200.0,20.0,120.0,10.0,186.0,20.0,120.0,9.3,386.0,240,160.83
2013,Match_367,Delhi Daredevils,Pune Warriors,164.0,20.0,120.0,8.2,149.0,20.0,120.0,7.45,313.0,240,130.42
2013,Match_368,Royal Challengers Bengaluru,Rajasthan Royals,171.0,20.0,120.0,8.55,173.0,19.5,119.0,8.72,344.0,239,143.93
2013,Match_369,Mumbai Indians,Kings XI Punjab,174.0,20.0,120.0,8.7,,,,,174.0,120,145.0
2013,Match_370,Chennai Super Kings,Pune Warriors,164.0,20.0,120.0,8.2,127.0,20.0,120.0,6.35,291.0,240,121.25
2013,Match_371,Mumbai Indians,Sunrisers Hyderabad,129.0,20.0,120.0,6.45,130.0,18.0,108.0,7.22,259.0,228,113.6
2013,Match_372,Kolkata Knight Riders,Delhi Daredevils,136.0,20.0,120.0,6.8,137.0,17.5,107.0,7.68,273.0,227,120.26
2013,Match_373,Chennai Super Kings,Kings XI Punjab,186.0,20.0,120.0,9.3,171.0,20.0,120.0,8.55,357.0,240,148.75
2013,Match_374,Royal Challengers Bengaluru,Pune Warriors,187.0,20.0,120.0,9.35,170.0,20.0,120.0,8.5,357.0,240,148.75
2013,Match_375,Rajasthan Royals,Kolkata Knight Riders,132.0,20.0,120.0,6.6,133.0,17.2,104.0,7.67,265.0,224,118.3
2013,Match_376,Delhi Daredevils,Sunrisers Hyderabad,81.0,13.5,83.0,5.86,,,,,81.0,83,97.59
2013,Match_377,Mumbai Indians,Chennai Super Kings,139.0,20.0,120.0,6.95,,,,,139.0,120,115.83
2013,Match_378,Pune Warriors,Rajasthan Royals,178.0,20.0,120.0,8.9,182.0,19.5,119.0,9.18,360.0,239,150.63
2013,Match_379,Royal Challengers Bengaluru,Kings XI Punjab,190.0,20.0,120.0,9.5,194.0,18.0,108.0,10.78,384.0,228,168.42
2013,Match_380,Delhi Daredevils,Rajasthan Royals,154.0,20.0,120.0,7.7,155.0,17.5,107.0,8.69,309.0,227,136.12
2013,Match_381,Mumbai Indians,Kolkata Knight Riders,170.0,20.0,120.0,8.5,,,,,170.0,120,141.67
2013,Match_382,Chennai Super Kings,Sunrisers Hyderabad,223.0,20.0,120.0,11.15,146.0,20.0,120.0,7.3,369.0,240,153.75
2013,Match_383,Kings XI Punjab,Rajasthan Royals,145.0,20.0,120.0,7.25,147.0,19.0,114.0,7.74,292.0,234,124.79
2013,Match_384,Kolkata Knight Riders,Pune Warriors,152.0,20.0,120.0,7.6,,,,,152.0,120,126.67
2013,Match_385,Royal Challengers Bengaluru,Delhi Daredevils,183.0,20.0,120.0,9.15,179.0,20.0,120.0,8.95,362.0,240,150.83
2013,Match_386,Pune Warriors,Mumbai Indians,112.0,20.0,120.0,5.6,116.0,18.5,113.0,6.16,228.0,233,97.85
2013,Match_387,Sunrisers Hyderabad,Kings XI Punjab,150.0,20.0,120.0,7.5,120.0,20.0,120.0,6.0,270.0,240,112.5
2013,Match_388,Royal Challengers Bengaluru,Kolkata Knight Riders,115.0,20.0,120.0,5.75,116.0,19.2,116.0,6.0,231.0,236,97.88
2013,Match_389,Chennai Super Kings,Rajasthan Royals,141.0,20.0,120.0,7.05,144.0,17.1,103.0,8.39,285.0,223,127.8
2013,Match_390,Sunrisers Hyderabad,Mumbai Indians,178.0,20.0,120.0,8.9,184.0,19.3,117.0,9.44,362.0,237,152.74
2013,Match_391,Royal Challengers Bengaluru,Kings XI Punjab,174.0,20.0,120.0,8.7,176.0,18.1,109.0,9.69,350.0,229,152.84
2013,Match_392,Chennai Super Kings,Delhi Daredevils,168.0,20.0,120.0,8.4,135.0,20.0,120.0,6.75,303.0,240,126.25
2013,Match_393,Pune Warriors,Kolkata Knight Riders,170.0,20.0,120.0,8.5,163.0,20.0,120.0,8.15,333.0,240,138.75
2013,Match_394,Mumbai Indians,Rajasthan Royals,166.0,20.0,120.0,8.3,152.0,20.0,120.0,7.6,318.0,240,132.5
2013,Match_395,Kings XI Punjab,Delhi Daredevils,171.0,20.0,120.0,8.55,164.0,20.0,120.0,8.2,335.0,240,139.58
2013,Match_396,Sunrisers Hyderabad,Rajasthan Royals,136.0,20.0,120.0,6.8,113.0,20.0,120.0,5.65,249.0,240,103.75
2013,Match_397,Kings XI Punjab,Mumbai Indians,183.0,20.0,120.0,9.15,,,,,183.0,120,152.5
2013,Match_398,Royal Challengers Bengaluru,Chennai Super Kings,106.0,8.0,48.0,13.25,82.0,8.0,48.0,10.25,188.0,96,195.83
2013,Match_399,Pune Warriors,Delhi Daredevils,172.0,20.0,120.0,8.6,134.0,20.0,120.0,6.7,306.0,240,127.5
2013,Match_400,Kolkata Knight Riders,Sunrisers Hyderabad,130.0,20.0,120.0,6.5,132.0,18.5,113.0,7.01,262.0,233,112.45
2013,Match_401,Chennai Super Kings,Mumbai Indians,192.0,20.0,120.0,9.6,,,,,192.0,120,160.0
2013,Match_402,Sunrisers Hyderabad,Rajasthan Royals,132.0,20.0,120.0,6.6,135.0,19.2,116.0,6.98,267.0,236,113.14
2013,Match_403,Rajasthan Royals,Mumbai Indians,165.0,20.0,120.0,8.25,169.0,19.5,119.0,8.52,334.0,239,139.75
2013,Match_404,Mumbai Indians,Chennai Super Kings,148.0,20.0,120.0,7.4,125.0,20.0,120.0,6.25,273.0,240,113.75
2014,Match_405,Kolkata Knight Riders,Mumbai Indians,163.0,20.0,120.0,8.15,122.0,20.0,120.0,6.1,285.0,240,118.75
2014,Match_406,Delhi Daredevils,Royal Challengers Bengaluru,145.0,20.0,120.0,7.25,146.0,16.4,100.0,8.76,291.0,220,132.27
2014,Match_407,Chennai Super Kings,Kings XI Punjab,205.0,20.0,120.0,10.25,206.0,18.5,113.0,10.94,411.0,233,176.39
2014,Match_408,Sunrisers Hyderabad,Rajasthan Royals,133.0,20.0,120.0,6.65,135.0,19.3,117.0,6.92,268.0,237,113.08
2014,Match_409,Mumbai Indians,Royal Challengers Bengaluru,115.0,20.0,120.0,5.75,116.0,17.3,105.0,6.63,231.0,225,102.67
2014,Match_410,Kolkata Knight Riders,Delhi Daredevils,166.0,20.0,120.0,8.3,167.0,19.3,117.0,8.56,333.0,237,140.51
2014,Match_411,Rajasthan Royals,Kings XI Punjab,191.0,20.0,120.0,9.55,193.0,18.4,112.0,10.34,384.0,232,165.52
2014,Match_412,Chennai Super Kings,Delhi Daredevils,177.0,20.0,120.0,8.85,,,,,177.0,120,147.5
2014,Match_413,Kings XI Punjab,Sunrisers Hyderabad,193.0,20.0,120.0,9.65,,,,,193.0,120,160.83
2014,Match_414,Chennai Super Kings,Rajasthan Royals,140.0,20.0,120.0,7.0,,,,,140.0,120,116.67
2014,Match_415,Kolkata Knight Riders,Royal Challengers Bengaluru,150.0,20.0,120.0,7.5,148.0,20.0,120.0,7.4,298.0,240,124.17
2014,Match_416,Sunrisers Hyderabad,Delhi Daredevils,184.0,20.0,120.0,9.2,180.0,20.0,120.0,9.0,364.0,240,151.67
2014,Match_417,Mumbai Indians,Chennai Super Kings,141.0,20.0,120.0,7.05,142.0,19.0,114.0,7.47,283.0,234,120.94
2014,Match_418,Royal Challengers Bengaluru,Rajasthan Royals,71.0,13.0,78.0,5.46,,,,,71.0,78,91.03
2014,Match_419,Kings XI Punjab,Kolkata Knight Riders,132.0,20.0,120.0,6.6,,,,,132.0,120,110.0
2014,Match_420,Mumbai Indians,Delhi Daredevils,125.0,20.0,120.0,6.25,126.0,18.5,113.0,6.69,251.0,233,107.73
2014,Match_421,Sunrisers Hyderabad,Chennai Super Kings,145.0,20.0,120.0,7.25,146.0,19.3,117.0,7.49,291.0,237,122.78
2014,Match_422,Royal Challengers Bengaluru,Kings XI Punjab,124.0,20.0,120.0,6.2,127.0,18.5,113.0,6.74,251.0,233,107.73
2014,Match_423,Rajasthan Royals,Kolkata Knight Riders,152.0,20.0,120.0,7.6,152.0,20.0,120.0,7.6,304.0,240,126.67
2014,Match_424,Sunrisers Hyderabad,Mumbai Indians,172.0,20.0,120.0,8.6,157.0,20.0,120.0,7.85,329.0,240,137.08
2014,Match_425,Chennai Super Kings,Kolkata Knight Riders,148.0,17.0,102.0,8.71,114.0,17.0,102.0,6.71,262.0,204,128.43
2014,Match_426,Kings XI Punjab,Mumbai Indians,168.0,20.0,120.0,8.4,170.0,19.1,115.0,8.87,338.0,235,143.83
2014,Match_427,Delhi Daredevils,Rajasthan Royals,152.0,20.0,120.0,7.6,156.0,18.3,111.0,8.43,308.0,231,133.33
2014,Match_428,Sunrisers Hyderabad,Royal Challengers Bengaluru,155.0,20.0,120.0,7.75,158.0,19.5,119.0,7.97,313.0,239,130.96
2014,Match_429,Rajasthan Royals,Kolkata Knight Riders,170.0,20.0,120.0,8.5,160.0,20.0,120.0,8.0,330.0,240,137.5
2014,Match_430,Delhi Daredevils,Chennai Super Kings,178.0,20.0,120.0,8.9,181.0,19.4,118.0,9.2,359.0,238,150.84
2014,Match_431,Mumbai Indians,Royal Challengers Bengaluru,187.0,20.0,120.0,9.35,168.0,20.0,120.0,8.4,355.0,240,147.92
2014,Match_432,Delhi Daredevils,Kolkata Knight Riders,160.0,20.0,120.0,8.0,161.0,18.2,110.0,8.78,321.0,230,139.57
2014,Match_433,Kings XI Punjab,Chennai Super Kings,231.0,20.0,120.0,11.55,187.0,20.0,120.0,9.35,418.0,240,174.17
2014,Match_434,Sunrisers Hyderabad,Rajasthan Royals,134.0,20.0,120.0,6.7,,,,,134.0,120,111.67
2014,Match_435,Kings XI Punjab,Royal Challengers Bengaluru,198.0,20.0,120.0,9.9,166.0,20.0,120.0,8.3,364.0,240,151.67
2014,Match_436,Delhi Daredevils,Sunrisers Hyderabad,143.0,20.0,120.0,7.15,44.0,4.2,26.0,10.15,187.0,146,128.08
2014,Match_437,Mumbai Indians,Chennai Super Kings,157.0,20.0,120.0,7.85,160.0,19.3,117.0,8.21,317.0,237,133.76
2014,Match_438,Kings XI Punjab,Kolkata Knight Riders,149.0,20.0,120.0,7.45,150.0,18.0,108.0,8.33,299.0,228,131.14
2014,Match_439,Royal Challengers Bengaluru,Rajasthan Royals,190.0,20.0,120.0,9.5,191.0,18.5,113.0,10.14,381.0,233,163.52
2014,Match_440,Sunrisers Hyderabad,Mumbai Indians,157.0,20.0,120.0,7.85,160.0,18.4,112.0,8.57,317.0,232,136.64
2014,Match_441,Rajasthan Royals,Chennai Super Kings,148.0,20.0,120.0,7.4,149.0,19.4,118.0,7.58,297.0,238,124.79
2014,Match_442,Royal Challengers Bengaluru,Delhi Daredevils,186.0,20.0,120.0,9.3,170.0,20.0,120.0,8.5,356.0,240,148.33
2014,Match_443,Sunrisers Hyderabad,Kings XI Punjab,205.0,20.0,120.0,10.25,211.0,18.4,112.0,11.3,416.0,232,179.31
2014,Match_444,Mumbai Indians,Kolkata Knight Riders,141.0,20.0,120.0,7.05,142.0,18.4,112.0,7.61,283.0,232,121.98
2014,Match_445,Rajasthan Royals,Delhi Daredevils,201.0,20.0,120.0,10.05,139.0,20.0,120.0,6.95,340.0,240,141.67
2014,Match_446,Chennai Super Kings,Royal Challengers Bengaluru,138.0,20.0,120.0,6.9,142.0,19.5,119.0,7.16,280.0,239,117.15
2014,Match_447,Sunrisers Hyderabad,Kolkata Knight Riders,142.0,20.0,120.0,7.1,146.0,19.4,118.0,7.42,288.0,238,121.01
2014,Match_448,Mumbai Indians,Rajasthan Royals,178.0,20.0,120.0,8.9,153.0,20.0,120.0,7.65,331.0,240,137.92
2014,Match_449,Delhi Daredevils,Kings XI Punjab,164.0,20.0,120.0,8.2,165.0,19.4,118.0,8.39,329.0,238,138.24
2014,Match_450,Royal Challengers Bengaluru,Sunrisers Hyderabad,160.0,20.0,120.0,8.0,161.0,19.4,118.0,8.19,321.0,238,134.87
2014,Match_451,Chennai Super Kings,Kolkata Knight Riders,154.0,20.0,120.0,7.7,156.0,18.0,108.0,8.67,310.0,228,135.96
2014,Match_452,Kings XI Punjab,Mumbai Indians,156.0,20.0,120.0,7.8,159.0,19.0,114.0,8.37,315.0,234,134.62
2014,Match_453,Kolkata Knight Riders,Royal Challengers Bengaluru,195.0,20.0,120.0,9.75,165.0,20.0,120.0,8.25,360.0,240,150.0
2014,Match_454,Chennai Super Kings,Sunrisers Hyderabad,185.0,20.0,120.0,9.25,189.0,19.4,118.0,9.61,374.0,238,157.14
2014,Match_455,Mumbai Indians,Delhi Daredevils,158.0,20.0,120.0,7.9,,,,,158.0,120,131.67
2014,Match_456,Kings XI Punjab,Rajasthan Royals,179.0,20.0,120.0,8.95,163.0,20.0,120.0,8.15,342.0,240,142.5
2014,Match_457,Royal Challengers Bengaluru,Chennai Super Kings,154.0,20.0,120.0,7.7,160.0,17.4,106.0,9.06,314.0,226,138.94
2014,Match_458,Sunrisers Hyderabad,Kolkata Knight Riders,160.0,20.0,120.0,8.0,161.0,14.2,86.0,11.23,321.0,206,155.83
2014,Match_459,Delhi Daredevils,Kings XI Punjab,119.0,13.5,83.0,8.6,,,,,119.0,83,143.37
2014,Match_460,Rajasthan Royals,Mumbai Indians,189.0,20.0,120.0,9.45,195.0,14.4,88.0,13.3,384.0,208,184.62
2014,Match_461,Mumbai Indians,Chennai Super Kings,173.0,20.0,120.0,8.65,176.0,18.4,112.0,9.43,349.0,232,150.43
2014,Match_462,Kolkata Knight Riders,Kings XI Punjab,163.0,20.0,120.0,8.15,135.0,20.0,120.0,6.75,298.0,240,124.17
2014,Match_463,Kings XI Punjab,Chennai Super Kings,226.0,20.0,120.0,11.3,202.0,20.0,120.0,10.1,428.0,240,178.33
2014,Match_464,Kings XI Punjab,Kolkata Knight Riders,199.0,20.0,120.0,9.95,200.0,19.3,117.0,10.26,399.0,237,168.35
2015,Match_465,Mumbai Indians,Kolkata Knight Riders,168.0,20.0,120.0,8.4,170.0,18.3,111.0,9.19,338.0,231,146.32
2015,Match_466,Chennai Super Kings,Delhi Daredevils,150.0,20.0,120.0,7.5,149.0,20.0,120.0,7.45,299.0,240,124.58
2015,Match_467,Rajasthan Royals,Kings XI Punjab,162.0,20.0,120.0,8.1,136.0,20.0,120.0,6.8,298.0,240,124.17
2015,Match_468,Chennai Super Kings,Sunrisers Hyderabad,209.0,20.0,120.0,10.45,164.0,20.0,120.0,8.2,373.0,240,155.42
2015,Match_469,Kolkata Knight Riders,Royal Challengers Bengaluru,177.0,20.0,120.0,8.85,179.0,19.0,114.0,9.42,356.0,234,152.14
2015,Match_470,Delhi Daredevils,Rajasthan Royals,184.0,20.0,120.0,9.2,186.0,20.0,120.0,9.3,370.0,240,154.17
2015,Match_471,Kings XI Punjab,Mumbai Indians,177.0,20.0,120.0,8.85,159.0,20.0,120.0,7.95,336.0,240,140.0
2015,Match_472,Royal Challengers Bengaluru,Sunrisers Hyderabad,172.0,17.2,104.0,9.92,,,,,172.0,104,165.38
2015,Match_473,Mumbai Indians,Rajasthan Royals,164.0,20.0,120.0,8.2,165.0,19.1,115.0,8.61,329.0,235,140.0
2015,Match_474,Kings XI Punjab,Delhi Daredevils,165.0,20.0,120.0,8.25,169.0,19.5,119.0,8.52,334.0,239,139.75
2015,Match_475,Sunrisers Hyderabad,Rajasthan Royals,127.0,20.0,120.0,6.35,131.0,20.0,120.0,6.55,258.0,240,107.5
2015,Match_476,Mumbai Indians,Chennai Super Kings,183.0,20.0,120.0,9.15,189.0,16.4,100.0,11.34,372.0,220,169.09
2015,Match_477,Delhi Daredevils,Sunrisers Hyderabad,167.0,20.0,120.0,8.35,163.0,20.0,120.0,8.15,330.0,240,137.5
2015,Match_478,Kings XI Punjab,Kolkata Knight Riders,155.0,20.0,120.0,7.75,159.0,17.5,107.0,8.92,314.0,227,138.33
2015,Match_479,Chennai Super Kings,Rajasthan Royals,156.0,20.0,120.0,7.8,157.0,18.2,110.0,8.56,313.0,230,136.09
2015,Match_480,Mumbai Indians,Royal Challengers Bengaluru,209.0,20.0,120.0,10.45,191.0,20.0,120.0,9.55,400.0,240,166.67
2015,Match_481,Delhi Daredevils,Kolkata Knight Riders,146.0,20.0,120.0,7.3,147.0,18.1,109.0,8.09,293.0,229,127.95
2015,Match_482,Rajasthan Royals,Kings XI Punjab,191.0,20.0,120.0,9.55,191.0,20.0,120.0,9.55,382.0,240,159.17
2015,Match_483,Sunrisers Hyderabad,Kolkata Knight Riders,176.0,20.0,120.0,8.8,101.0,12.0,72.0,8.42,277.0,192,144.27
2015,Match_484,Chennai Super Kings,Royal Challengers Bengaluru,181.0,20.0,120.0,9.05,154.0,20.0,120.0,7.7,335.0,240,139.58
2015,Match_485,Delhi Daredevils,Mumbai Indians,190.0,20.0,120.0,9.5,153.0,20.0,120.0,7.65,343.0,240,142.92
2015,Match_486,Rajasthan Royals,Royal Challengers Bengaluru,130.0,20.0,120.0,6.5,134.0,16.1,97.0,8.29,264.0,217,121.66
2015,Match_487,Mumbai Indians,Sunrisers Hyderabad,157.0,20.0,120.0,7.85,137.0,20.0,120.0,6.85,294.0,240,122.5
2015,Match_488,Chennai Super Kings,Kings XI Punjab,192.0,20.0,120.0,9.6,95.0,20.0,120.0,4.75,287.0,240,119.58
2015,Match_490,Delhi Daredevils,Royal Challengers Bengaluru,99.0,10.3,63.0,9.43,,,,,99.0,63,157.14
2015,Match_491,Sunrisers Hyderabad,Kings XI Punjab,150.0,20.0,120.0,7.5,130.0,20.0,120.0,6.5,280.0,240,116.67
2015,Match_492,Chennai Super Kings,Kolkata Knight Riders,134.0,20.0,120.0,6.7,132.0,20.0,120.0,6.6,266.0,240,110.83
2015,Match_493,Royal Challengers Bengaluru,Team 2,200.0,20.0,120.0,10.0,,,,,200.0,120,166.67
2015,Match_494,Chennai Super Kings,Kolkata Knight Riders,165.0,20.0,120.0,8.25,169.0,19.5,119.0,8.52,334.0,239,139.75
2015,Match_495,Kings XI Punjab,Delhi Daredevils,118.0,20.0,120.0,5.9,119.0,13.5,83.0,8.6,237.0,203,116.75
2015,Match_496,Mumbai Indians,Rajasthan Royals,187.0,20.0,120.0,9.35,179.0,20.0,120.0,8.95,366.0,240,152.5
2015,Match_497,Kolkata Knight Riders,Royal Challengers Bengaluru,111.0,10.0,60.0,11.1,115.0,9.4,58.0,11.9,226.0,118,191.53
2015,Match_498,Sunrisers Hyderabad,Chennai Super Kings,192.0,20.0,120.0,9.6,170.0,20.0,120.0,8.5,362.0,240,150.83
2015,Match_499,Mumbai Indians,Kings XI Punjab,172.0,20.0,120.0,8.6,149.0,20.0,120.0,7.45,321.0,240,133.75
2015,Match_500,Rajasthan Royals,Delhi Daredevils,189.0,20.0,120.0,9.45,175.0,20.0,120.0,8.75,364.0,240,151.67
2015,Match_501,Chennai Super Kings,Royal Challengers Bengaluru,148.0,20.0,120.0,7.4,,,,,148.0,120,123.33
2015,Match_502,Kolkata Knight Riders,Sunrisers Hyderabad,167.0,20.0,120.0,8.35,132.0,20.0,120.0,6.6,299.0,240,124.58
2015,Match_503,Delhi Daredevils,Mumbai Indians,152.0,20.0,120.0,7.6,153.0,19.3,117.0,7.85,305.0,237,128.69
2015,Match_504,Royal Challengers Bengaluru,Kings XI Punjab,226.0,20.0,120.0,11.3,,,,,226.0,120,188.33
2015,Match_505,Sunrisers Hyderabad,Rajasthan Royals,201.0,20.0,120.0,10.05,194.0,20.0,120.0,9.7,395.0,240,164.58
2015,Match_506,Kolkata Knight Riders,Delhi Daredevils,171.0,20.0,120.0,8.55,158.0,20.0,120.0,7.9,329.0,240,137.08
2015,Match_507,Chennai Super Kings,Mumbai Indians,158.0,20.0,120.0,7.9,159.0,19.2,116.0,8.22,317.0,236,134.32
2015,Match_508,Kings XI Punjab,Kolkata Knight Riders,183.0,20.0,120.0,9.15,184.0,19.5,119.0,9.28,367.0,239,153.56
2015,Match_509,Sunrisers Hyderabad,Delhi Daredevils,163.0,20.0,120.0,8.15,157.0,20.0,120.0,7.85,320.0,240,133.33
2015,Match_510,Royal Challengers Bengaluru,Mumbai Indians,235.0,20.0,120.0,11.75,196.0,20.0,120.0,9.8,431.0,240,179.58
2015,Match_511,Chennai Super Kings,Rajasthan Royals,157.0,20.0,120.0,7.85,145.0,20.0,120.0,7.25,302.0,240,125.83
2015,Match_512,Sunrisers Hyderabad,Kings XI Punjab,185.0,20.0,120.0,9.25,180.0,20.0,120.0,9.0,365.0,240,152.08
2015,Match_513,Chennai Super Kings,Delhi Daredevils,119.0,20.0,120.0,5.95,120.0,16.4,100.0,7.2,239.0,220,108.64
2015,Match_514,Kings XI Punjab,Royal Challengers Bengaluru,106.0,10.0,60.0,10.6,84.0,10.0,60.0,8.4,190.0,120,158.33
2015,Match_515,Mumbai Indians,Kolkata Knight Riders,171.0,20.0,120.0,8.55,166.0,20.0,120.0,8.3,337.0,240,140.42
2015,Match_516,Sunrisers Hyderabad,Royal Challengers Bengaluru,135.0,11.0,66.0,12.27,83.0,5.5,35.0,14.23,218.0,101,215.84
2015,Match_517,Kings XI Punjab,Chennai Super Kings,130.0,20.0,120.0,6.5,134.0,16.5,101.0,7.96,264.0,221,119.46
2015,Match_518,Rajasthan Royals,Kolkata Knight Riders,199.0,20.0,120.0,9.95,190.0,20.0,120.0,9.5,389.0,240,162.08
2015,Match_519,Delhi Daredevils,Royal Challengers Bengaluru,187.0,20.0,120.0,9.35,2.0,1.1,7.0,1.71,189.0,127,148.82
2015,Match_520,Sunrisers Hyderabad,Mumbai Indians,114.0,13.5,83.0,8.24,,,,,114.0,83,137.35
2015,Match_521,Mumbai Indians,Chennai Super Kings,187.0,20.0,120.0,9.35,,,,,187.0,120,155.83
2015,Match_522,Royal Challengers Bengaluru,Rajasthan Royals,180.0,20.0,120.0,9.0,,,,,180.0,120,150.0
2015,Match_523,Royal Challengers Bengaluru,Chennai Super Kings,139.0,20.0,120.0,6.95,140.0,19.5,119.0,7.06,279.0,239,116.74
2015,Match_524,Mumbai Indians,Chennai Super Kings,202.0,20.0,120.0,10.1,161.0,20.0,120.0,8.05,363.0,240,151.25
2016,Match_525,Mumbai Indians,Rising Pune Supergiant,121.0,20.0,120.0,6.05,126.0,14.4,88.0,8.59,247.0,208,118.75
2016,Match_526,Delhi Daredevils,Kolkata Knight Riders,99.0,14.1,85.0,6.99,,,,,99.0,85,116.47
2016,Match_527,Kings XI Punjab,Gujarat Lions,161.0,20.0,120.0,8.05,162.0,17.4,106.0,9.17,323.0,226,142.92
2016,Match_528,Royal Challengers Bengaluru,Sunrisers Hyderabad,227.0,20.0,120.0,11.35,182.0,20.0,120.0,9.1,409.0,240,170.42
2016,Match_529,Kolkata Knight Riders,Mumbai Indians,187.0,20.0,120.0,9.35,188.0,19.1,115.0,9.81,375.0,235,159.57
2016,Match_530,Rising Pune Supergiant,Gujarat Lions,163.0,20.0,120.0,8.15,164.0,18.0,108.0,9.11,327.0,228,143.42
2016,Match_531,Kings XI Punjab,Delhi Daredevils,111.0,20.0,120.0,5.55,113.0,13.3,81.0,8.37,224.0,201,111.44
2016,Match_532,Sunrisers Hyderabad,Kolkata Knight Riders,142.0,20.0,120.0,7.1,146.0,18.2,110.0,7.96,288.0,230,125.22
2016,Match_533,Mumbai Indians,Gujarat Lions,143.0,20.0,120.0,7.15,147.0,20.0,120.0,7.35,290.0,240,120.83
2016,Match_534,Rising Pune Supergiant,Kings XI Punjab,152.0,20.0,120.0,7.6,153.0,18.4,112.0,8.2,305.0,232,131.47
2016,Match_535,Royal Challengers Bengaluru,Delhi Daredevils,191.0,20.0,120.0,9.55,192.0,19.1,115.0,10.02,383.0,235,162.98
2016,Match_536,Mumbai Indians,Sunrisers Hyderabad,142.0,20.0,120.0,7.1,145.0,17.3,105.0,8.29,287.0,225,127.56
2016,Match_537,Kings XI Punjab,Kolkata Knight Riders,138.0,20.0,120.0,6.9,141.0,17.1,103.0,8.21,279.0,223,125.11
2016,Match_538,Royal Challengers Bengaluru,Mumbai Indians,170.0,20.0,120.0,8.5,171.0,18.0,108.0,9.5,341.0,228,149.56
2016,Match_539,Gujarat Lions,Sunrisers Hyderabad,135.0,20.0,120.0,6.75,137.0,14.5,89.0,9.24,272.0,209,130.14
2016,Match_540,Royal Challengers Bengaluru,Rising Pune Supergiant,185.0,20.0,120.0,9.25,172.0,20.0,120.0,8.6,357.0,240,148.75
2016,Match_541,Delhi Daredevils,Mumbai Indians,164.0,20.0,120.0,8.2,154.0,20.0,120.0,7.7,318.0,240,132.5
2016,Match_542,Kings XI Punjab,Sunrisers Hyderabad,143.0,20.0,120.0,7.15,146.0,17.5,107.0,8.19,289.0,227,127.31
2016,Match_543,Royal Challengers Bengaluru,Gujarat Lions,180.0,20.0,120.0,9.0,182.0,19.3,117.0,9.33,362.0,237,152.74
2016,Match_544,Rising Pune Supergiant,Kolkata Knight Riders,160.0,20.0,120.0,8.0,162.0,19.3,117.0,8.31,322.0,237,135.86
2016,Match_545,Mumbai Indians,Kings XI Punjab,189.0,20.0,120.0,9.45,164.0,20.0,120.0,8.2,353.0,240,147.08
2016,Match_546,Sunrisers Hyderabad,Rising Pune Supergiant,118.0,20.0,120.0,5.9,94.0,11.0,66.0,8.55,212.0,186,113.98
2016,Match_547,Gujarat Lions,Delhi Daredevils,172.0,20.0,120.0,8.6,171.0,20.0,120.0,8.55,343.0,240,142.92
2016,Match_548,Kolkata Knight Riders,Mumbai Indians,174.0,20.0,120.0,8.7,178.0,18.0,108.0,9.89,352.0,228,154.39
2016,Match_549,Rising Pune Supergiant,Gujarat Lions,195.0,20.0,120.0,9.75,196.0,20.0,120.0,9.8,391.0,240,162.92
2016,Match_550,Delhi Daredevils,Kolkata Knight Riders,186.0,20.0,120.0,9.3,,,,,186.0,120,155.0
2016,Match_551,Sunrisers Hyderabad,Royal Challengers Bengaluru,194.0,20.0,120.0,9.7,179.0,20.0,120.0,8.95,373.0,240,155.42
2016,Match_552,Kings XI Punjab,Gujarat Lions,131.0,20.0,120.0,6.55,,,,,131.0,120,109.17
2016,Match_553,Rising Pune Supergiant,Mumbai Indians,159.0,20.0,120.0,7.95,161.0,18.3,111.0,8.7,320.0,231,138.53
2016,Match_554,Royal Challengers Bengaluru,Kolkata Knight Riders,185.0,20.0,120.0,9.25,189.0,19.1,115.0,9.86,374.0,235,159.15
2016,Match_555,Gujarat Lions,Delhi Daredevils,149.0,20.0,120.0,7.45,150.0,17.2,104.0,8.65,299.0,224,133.48
2016,Match_556,Kolkata Knight Riders,Kings XI Punjab,164.0,20.0,120.0,8.2,157.0,20.0,120.0,7.85,321.0,240,133.75
2016,Match_557,Delhi Daredevils,Rising Pune Supergiant,162.0,20.0,120.0,8.1,166.0,19.1,115.0,8.66,328.0,235,139.57
2016,Match_558,Gujarat Lions,Sunrisers Hyderabad,126.0,20.0,120.0,6.3,129.0,19.0,114.0,6.79,255.0,234,108.97
2016,Match_559,Rising Pune Supergiant,Royal Challengers Bengaluru,191.0,20.0,120.0,9.55,195.0,19.3,117.0,10.0,386.0,237,162.87
2016,Match_560,Kings XI Punjab,Delhi Daredevils,181.0,20.0,120.0,9.05,172.0,20.0,120.0,8.6,353.0,240,147.08
2016,Match_561,Sunrisers Hyderabad,Mumbai Indians,177.0,20.0,120.0,8.85,,,,,177.0,120,147.5
2016,Match_562,Kolkata Knight Riders,Gujarat Lions,158.0,20.0,120.0,7.9,164.0,18.0,108.0,9.11,322.0,228,141.23
2016,Match_563,Royal Challengers Bengaluru,Kings XI Punjab,175.0,20.0,120.0,8.75,174.0,20.0,120.0,8.7,349.0,240,145.42
2016,Match_564,Sunrisers Hyderabad,Rising Pune Supergiant,137.0,20.0,120.0,6.85,133.0,20.0,120.0,6.65,270.0,240,112.5
2016,Match_565,Royal Challengers Bengaluru,Mumbai Indians,151.0,20.0,120.0,7.55,153.0,18.4,112.0,8.2,304.0,232,131.03
2016,Match_566,Sunrisers Hyderabad,Delhi Daredevils,146.0,20.0,120.0,7.3,150.0,18.1,109.0,8.26,296.0,229,129.26
2016,Match_567,Mumbai Indians,Kings XI Punjab,124.0,20.0,120.0,6.2,127.0,17.0,102.0,7.47,251.0,222,113.06
2016,Match_568,Royal Challengers Bengaluru,Gujarat Lions,248.0,20.0,120.0,12.4,,,,,248.0,120,206.67
2016,Match_569,Rising Pune Supergiant,Kolkata Knight Riders,103.0,17.4,106.0,5.83,66.0,5.0,30.0,13.2,169.0,136,124.26
2016,Match_570,Kings XI Punjab,Sunrisers Hyderabad,179.0,20.0,120.0,8.95,180.0,19.4,118.0,9.15,359.0,238,150.84
2016,Match_571,Mumbai Indians,Delhi Daredevils,206.0,20.0,120.0,10.3,,,,,206.0,120,171.67
2016,Match_572,Kolkata Knight Riders,Royal Challengers Bengaluru,183.0,20.0,120.0,9.15,186.0,18.4,112.0,9.96,369.0,232,159.05
2016,Match_573,Delhi Daredevils,Rising Pune Supergiant,121.0,20.0,120.0,6.05,76.0,11.0,66.0,6.91,197.0,186,105.91
2016,Match_574,Royal Challengers Bengaluru,Kings XI Punjab,211.0,15.0,90.0,14.07,120.0,14.0,84.0,8.57,331.0,174,190.23
2016,Match_575,Kolkata Knight Riders,Gujarat Lions,124.0,20.0,120.0,6.2,125.0,13.3,81.0,9.26,249.0,201,123.88
2016,Match_576,Sunrisers Hyderabad,Delhi Daredevils,158.0,20.0,120.0,7.9,161.0,20.0,120.0,8.05,319.0,240,132.92
2016,Match_577,Kings XI Punjab,Rising Pune Supergiant,172.0,20.0,120.0,8.6,173.0,20.0,120.0,8.65,345.0,240,143.75
2016,Match_578,Mumbai Indians,Gujarat Lions,172.0,20.0,120.0,8.6,173.0,17.5,107.0,9.7,345.0,227,151.98
2016,Match_579,Kolkata Knight Riders,Sunrisers Hyderabad,171.0,20.0,120.0,8.55,149.0,20.0,120.0,7.45,320.0,240,133.33
2016,Match_580,Delhi Daredevils,Royal Challengers Bengaluru,138.0,20.0,120.0,6.9,139.0,18.1,109.0,7.65,277.0,229,120.96
2016,Match_581,Gujarat Lions,Royal Challengers Bengaluru,159.0,18.2,110.0,8.67,,,,,159.0,110,144.55
2016,Match_582,Sunrisers Hyderabad,Kolkata Knight Riders,162.0,20.0,120.0,8.1,140.0,20.0,120.0,7.0,302.0,240,125.83
2016,Match_583,Gujarat Lions,Sunrisers Hyderabad,162.0,20.0,120.0,8.1,163.0,19.2,116.0,8.43,325.0,236,137.71
2016,Match_584,Sunrisers Hyderabad,Royal Challengers Bengaluru,208.0,20.0,120.0,10.4,200.0,20.0,120.0,10.0,408.0,240,170.0
2017,Match_585,Sunrisers Hyderabad,Royal Challengers Bengaluru,207.0,20.0,120.0,10.35,,,,,207.0,120,172.5
2017,Match_586,Mumbai Indians,Rising Pune Supergiant,184.0,20.0,120.0,9.2,187.0,19.5,119.0,9.43,371.0,239,155.23
2017,Match_587,Gujarat Lions,Kolkata Knight Riders,183.0,20.0,120.0,9.15,184.0,14.5,89.0,12.4,367.0,209,175.6
2017,Match_588,Rising Pune Supergiant,Kings XI Punjab,163.0,20.0,120.0,8.15,164.0,19.0,114.0,8.63,327.0,234,139.74
2017,Match_589,Royal Challengers Bengaluru,Delhi Daredevils,157.0,20.0,120.0,7.85,142.0,20.0,120.0,7.1,299.0,240,124.58
2017,Match_590,Gujarat Lions,Sunrisers Hyderabad,135.0,20.0,120.0,6.75,140.0,15.3,93.0,9.03,275.0,213,129.11
2017,Match_591,Kolkata Knight Riders,Mumbai Indians,178.0,20.0,120.0,8.9,180.0,19.5,119.0,9.08,358.0,239,149.79
2017,Match_592,Royal Challengers Bengaluru,Kings XI Punjab,148.0,20.0,120.0,7.4,150.0,14.3,87.0,10.34,298.0,207,143.96
2017,Match_593,Delhi Daredevils,Rising Pune Supergiant,205.0,20.0,120.0,10.25,,,,,205.0,120,170.83
2017,Match_594,Sunrisers Hyderabad,Mumbai Indians,158.0,20.0,120.0,7.9,159.0,18.4,112.0,8.52,317.0,232,136.64
2017,Match_595,Kings XI Punjab,Kolkata Knight Riders,170.0,20.0,120.0,8.5,171.0,16.3,99.0,10.36,341.0,219,155.71
2017,Match_596,Royal Challengers Bengaluru,Mumbai Indians,142.0,20.0,120.0,7.1,145.0,18.5,113.0,7.7,287.0,233,123.18
2017,Match_597,Rising Pune Supergiant,Gujarat Lions,171.0,20.0,120.0,8.55,172.0,18.0,108.0,9.56,343.0,228,150.44
2017,Match_598,Kolkata Knight Riders,Sunrisers Hyderabad,172.0,20.0,120.0,8.6,155.0,20.0,120.0,7.75,327.0,240,136.25
2017,Match_599,Delhi Daredevils,Kings XI Punjab,188.0,20.0,120.0,9.4,137.0,20.0,120.0,6.85,325.0,240,135.42
2017,Match_600,Gujarat Lions,Mumbai Indians,176.0,20.0,120.0,8.8,177.0,19.3,117.0,9.08,353.0,237,148.95
2017,Match_601,Rising Pune Supergiant,Royal Challengers Bengaluru,161.0,20.0,120.0,8.05,134.0,20.0,120.0,6.7,295.0,240,122.92
2017,Match_602,Delhi Daredevils,Kolkata Knight Riders,168.0,20.0,120.0,8.4,169.0,19.5,119.0,8.52,337.0,239,141.0
2017,Match_603,Sunrisers Hyderabad,Kings XI Punjab,159.0,20.0,120.0,7.95,,,,,159.0,120,132.5
2017,Match_604,Royal Challengers Bengaluru,Gujarat Lions,213.0,20.0,120.0,10.65,192.0,20.0,120.0,9.6,405.0,240,168.75
2017,Match_605,Sunrisers Hyderabad,Delhi Daredevils,191.0,20.0,120.0,9.55,176.0,20.0,120.0,8.8,367.0,240,152.92
2017,Match_606,Kings XI Punjab,Mumbai Indians,198.0,20.0,120.0,9.9,199.0,15.3,93.0,12.84,397.0,213,186.38
2017,Match_607,Kolkata Knight Riders,Gujarat Lions,187.0,20.0,120.0,9.35,188.0,18.2,110.0,10.25,375.0,230,163.04
2017,Match_608,Sunrisers Hyderabad,Rising Pune Supergiant,176.0,20.0,120.0,8.8,179.0,20.0,120.0,8.95,355.0,240,147.92
2017,Match_609,Mumbai Indians,Delhi Daredevils,142.0,20.0,120.0,7.1,128.0,20.0,120.0,6.4,270.0,240,112.5
2017,Match_610,Kings XI Punjab,Gujarat Lions,188.0,20.0,120.0,9.4,162.0,20.0,120.0,8.1,350.0,240,145.83
2017,Match_611,Kolkata Knight Riders,Royal Challengers Bengaluru,,,,,,,,,0.0,0,0.0
2017,Match_612,Rising Pune Supergiant,Mumbai Indians,160.0,20.0,120.0,8.0,157.0,20.0,120.0,7.85,317.0,240,132.08
2017,Match_614,Rising Pune Supergiant,Kolkata Knight Riders,182.0,20.0,120.0,9.1,184.0,18.1,109.0,10.13,366.0,229,159.83
2017,Match_615,Royal Challengers Bengaluru,Gujarat Lions,135.0,13.5,83.0,9.76,,,,,135.0,83,162.65
2017,Match_616,Delhi Daredevils,Kolkata Knight Riders,160.0,20.0,120.0,8.0,161.0,16.2,98.0,9.86,321.0,218,147.25
2017,Match_617,Sunrisers Hyderabad,Kings XI Punjab,207.0,20.0,120.0,10.35,181.0,20.0,120.0,9.05,388.0,240,161.67
2017,Match_618,Rising Pune Supergiant,Royal Challengers Bengaluru,157.0,20.0,120.0,7.85,96.0,20.0,120.0,4.8,253.0,240,105.42
2017,Match_619,Gujarat Lions,Mumbai Indians,153.0,20.0,120.0,7.65,,,,,153.0,120,127.5
2017,Match_620,Delhi Daredevils,Kings XI Punjab,68.0,7.5,47.0,8.68,,,,,68.0,47,144.68
2017,Match_621,Sunrisers Hyderabad,Kolkata Knight Riders,209.0,20.0,120.0,10.45,161.0,20.0,120.0,8.05,370.0,240,154.17
2017,Match_622,Royal Challengers Bengaluru,Mumbai Indians,162.0,20.0,120.0,8.1,165.0,19.5,119.0,8.32,327.0,239,136.82
2017,Match_623,Gujarat Lions,Rising Pune Supergiant,167.0,19.5,119.0,8.42,,,,,167.0,119,140.34
2017,Match_624,Sunrisers Hyderabad,Delhi Daredevils,185.0,20.0,120.0,9.25,189.0,19.1,115.0,9.86,374.0,235,159.15
2017,Match_625,Kolkata Knight Riders,Rising Pune Supergiant,155.0,20.0,120.0,7.75,158.0,19.2,116.0,8.17,313.0,236,132.63
2017,Match_626,Gujarat Lions,Delhi Daredevils,208.0,20.0,120.0,10.4,214.0,17.3,105.0,12.23,422.0,225,187.56
2017,Match_627,Kings XI Punjab,Royal Challengers Bengaluru,138.0,20.0,120.0,6.9,,,,,138.0,120,115.0
2017,Match_628,Rising Pune Supergiant,Sunrisers Hyderabad,148.0,20.0,120.0,7.4,136.0,20.0,120.0,6.8,284.0,240,118.33
2017,Match_629,Mumbai Indians,Delhi Daredevils,212.0,20.0,120.0,10.6,,,,,212.0,120,176.67
2017,Match_630,Royal Challengers Bengaluru,Kolkata Knight Riders,158.0,20.0,120.0,7.9,159.0,15.1,91.0,10.48,317.0,211,150.24
2017,Match_631,Kings XI Punjab,Gujarat Lions,189.0,20.0,120.0,9.45,192.0,19.4,118.0,9.76,381.0,238,160.08
2017,Match_632,Mumbai Indians,Sunrisers Hyderabad,138.0,20.0,120.0,6.9,140.0,18.2,110.0,7.64,278.0,230,120.87
2017,Match_633,Kings XI Punjab,Kolkata Knight Riders,167.0,20.0,120.0,8.35,153.0,20.0,120.0,7.65,320.0,240,133.33
2017,Match_634,Gujarat Lions,Delhi Daredevils,195.0,20.0,120.0,9.75,197.0,19.4,118.0,10.02,392.0,238,164.71
2017,Match_635,Kings XI Punjab,Mumbai Indians,230.0,20.0,120.0,11.5,223.0,20.0,120.0,11.15,453.0,240,188.75
2017,Match_636,Delhi Daredevils,Rising Pune Supergiant,168.0,20.0,120.0,8.4,161.0,20.0,120.0,8.05,329.0,240,137.08
2017,Match_637,Gujarat Lions,Sunrisers Hyderabad,158.0,18.1,109.0,8.7,,,,,158.0,109,144.95
2017,Match_638,Mumbai Indians,Kolkata Knight Riders,173.0,20.0,120.0,8.65,164.0,20.0,120.0,8.2,337.0,240,140.42
2017,Match_639,Kings XI Punjab,Rising Pune Supergiant,78.0,12.0,72.0,6.5,,,,,78.0,72,108.33
2017,Match_640,Royal Challengers Bengaluru,Delhi Daredevils,161.0,20.0,120.0,8.05,,,,,161.0,120,134.17
2017,Match_641,Rising Pune Supergiant,Mumbai Indians,162.0,20.0,120.0,8.1,142.0,20.0,120.0,7.1,304.0,240,126.67
2017,Match_642,Sunrisers Hyderabad,Kolkata Knight Riders,128.0,20.0,120.0,6.4,48.0,5.2,32.0,9.0,176.0,152,115.79
2017,Match_643,Kolkata Knight Riders,Mumbai Indians,111.0,14.3,87.0,7.66,,,,,111.0,87,127.59
2017,Match_644,Mumbai Indians,Rising Pune Supergiant,129.0,20.0,120.0,6.45,128.0,20.0,120.0,6.4,257.0,240,107.08
2018,Match_645,Mumbai Indians,Chennai Super Kings,165.0,20.0,120.0,8.25,169.0,19.5,119.0,8.52,334.0,239,139.75
2018,Match_646,Delhi Daredevils,Kings XI Punjab,166.0,20.0,120.0,8.3,167.0,18.5,113.0,8.87,333.0,233,142.92
2018,Match_647,Royal Challengers Bengaluru,Kolkata Knight Riders,176.0,20.0,120.0,8.8,177.0,18.5,113.0,9.4,353.0,233,151.5
2018,Match_648,Rajasthan Royals,Sunrisers Hyderabad,125.0,20.0,120.0,6.25,127.0,15.5,95.0,8.02,252.0,215,117.21
2018,Match_649,Kolkata Knight Riders,Chennai Super Kings,202.0,20.0,120.0,10.1,205.0,19.5,119.0,10.34,407.0,239,170.29
2018,Match_650,Rajasthan Royals,Delhi Daredevils,153.0,17.5,107.0,8.58,60.0,6.0,36.0,10.0,213.0,143,148.95
2018,Match_651,Mumbai Indians,Sunrisers Hyderabad,147.0,20.0,120.0,7.35,151.0,20.0,120.0,7.55,298.0,240,124.17
2018,Match_652,Kings XI Punjab,Royal Challengers Bengaluru,159.0,19.3,117.0,8.15,,,,,159.0,117,135.9
2018,Match_653,Mumbai Indians,Delhi Daredevils,194.0,20.0,120.0,9.7,195.0,20.0,120.0,9.75,389.0,240,162.08
2018,Match_654,Kolkata Knight Riders,Sunrisers Hyderabad,138.0,20.0,120.0,6.9,139.0,19.0,114.0,7.32,277.0,234,118.38
2018,Match_655,Rajasthan Royals,Royal Challengers Bengaluru,217.0,20.0,120.0,10.85,198.0,20.0,120.0,9.9,415.0,240,172.92
2018,Match_656,Kings XI Punjab,Chennai Super Kings,197.0,20.0,120.0,9.85,193.0,20.0,120.0,9.65,390.0,240,162.5
2018,Match_657,Kolkata Knight Riders,Delhi Daredevils,200.0,20.0,120.0,10.0,,,,,200.0,120,166.67
2018,Match_658,Mumbai Indians,Royal Challengers Bengaluru,213.0,20.0,120.0,10.65,167.0,20.0,120.0,8.35,380.0,240,158.33
2018,Match_659,Rajasthan Royals,Kolkata Knight Riders,160.0,20.0,120.0,8.0,163.0,18.5,113.0,8.65,323.0,233,138.63
2018,Match_660,Kings XI Punjab,Sunrisers Hyderabad,193.0,20.0,120.0,9.65,178.0,20.0,120.0,8.9,371.0,240,154.58
2018,Match_661,Chennai Super Kings,Rajasthan Royals,204.0,20.0,120.0,10.2,,,,,204.0,120,170.0
2018,Match_662,Kolkata Knight Riders,Kings XI Punjab,191.0,20.0,120.0,9.55,126.0,11.1,67.0,11.28,317.0,187,169.52
2018,Match_663,Delhi Daredevils,Royal Challengers Bengaluru,174.0,20.0,120.0,8.7,176.0,18.0,108.0,9.78,350.0,228,153.51
2018,Match_664,Chennai Super Kings,Sunrisers Hyderabad,182.0,20.0,120.0,9.1,178.0,20.0,120.0,8.9,360.0,240,150.0
2018,Match_665,Mumbai Indians,Rajasthan Royals,167.0,20.0,120.0,8.35,168.0,19.4,118.0,8.54,335.0,238,140.76
2018,Match_666,Kings XI Punjab,Delhi Daredevils,143.0,20.0,120.0,7.15,139.0,20.0,120.0,6.95,282.0,240,117.5
2018,Match_667,Sunrisers Hyderabad,Mumbai Indians,,,,,,,,,0.0,0,0.0
2018,Match_668,Royal Challengers Bengaluru,Chennai Super Kings,205.0,20.0,120.0,10.25,207.0,19.4,118.0,10.53,412.0,238,173.11
2018,Match_669,Sunrisers Hyderabad,Kings XI Punjab,132.0,20.0,120.0,6.6,,,,,132.0,120,110.0
2018,Match_670,Delhi Daredevils,Kolkata Knight Riders,219.0,20.0,120.0,10.95,164.0,20.0,120.0,8.2,383.0,240,159.58
2018,Match_671,Chennai Super Kings,Mumbai Indians,169.0,20.0,120.0,8.45,170.0,19.4,118.0,8.64,339.0,238,142.44
2018,Match_672,Sunrisers Hyderabad,Rajasthan Royals,151.0,20.0,120.0,7.55,140.0,20.0,120.0,7.0,291.0,240,121.25
2018,Match_673,Royal Challengers Bengaluru,Kolkata Knight Riders,175.0,20.0,120.0,8.75,176.0,19.1,115.0,9.18,351.0,235,149.36
2018,Match_674,Chennai Super Kings,Delhi Daredevils,211.0,20.0,120.0,10.55,198.0,20.0,120.0,9.9,409.0,240,170.42
2018,Match_675,Royal Challengers Bengaluru,Mumbai Indians,167.0,20.0,120.0,8.35,153.0,20.0,120.0,7.65,320.0,240,133.33
2018,Match_676,Delhi Daredevils,Rajasthan Royals,196.0,17.1,103.0,11.42,146.0,12.0,72.0,12.17,342.0,175,195.43
2018,Match_677,Chennai Super Kings,Kolkata Knight Riders,177.0,20.0,120.0,8.85,180.0,17.4,106.0,10.19,357.0,226,157.96
2018,Match_678,Kings XI Punjab,Mumbai Indians,174.0,20.0,120.0,8.7,176.0,19.0,114.0,9.26,350.0,234,149.57
2018,Match_679,Royal Challengers Bengaluru,Chennai Super Kings,127.0,20.0,120.0,6.35,128.0,18.0,108.0,7.11,255.0,228,111.84
2018,Match_680,Delhi Daredevils,Sunrisers Hyderabad,163.0,20.0,120.0,8.15,164.0,19.5,119.0,8.27,327.0,239,136.82
2018,Match_681,Mumbai Indians,Kolkata Knight Riders,181.0,20.0,120.0,9.05,168.0,20.0,120.0,8.4,349.0,240,145.42
2018,Match_682,Rajasthan Royals,Kings XI Punjab,152.0,20.0,120.0,7.6,155.0,18.4,112.0,8.3,307.0,232,132.33
2018,Match_683,Sunrisers Hyderabad,Royal Challengers Bengaluru,141.0,20.0,120.0,7.05,,,,,141.0,120,117.5
2018,Match_684,Rajasthan Royals,Kings XI Punjab,158.0,20.0,120.0,7.9,143.0,20.0,120.0,7.15,301.0,240,125.42
2018,Match_685,Mumbai Indians,Kolkata Knight Riders,210.0,20.0,120.0,10.5,,,,,210.0,120,175.0
2018,Match_686,Delhi Daredevils,Sunrisers Hyderabad,187.0,20.0,120.0,9.35,191.0,18.5,113.0,10.14,378.0,233,162.23
2018,Match_687,Chennai Super Kings,Rajasthan Royals,176.0,20.0,120.0,8.8,177.0,19.5,119.0,8.92,353.0,239,147.7
2018,Match_688,Kolkata Knight Riders,Kings XI Punjab,245.0,20.0,120.0,12.25,214.0,20.0,120.0,10.7,459.0,240,191.25
2018,Match_689,Delhi Daredevils,Royal Challengers Bengaluru,181.0,20.0,120.0,9.05,187.0,19.0,114.0,9.84,368.0,234,157.26
2018,Match_690,Sunrisers Hyderabad,Chennai Super Kings,179.0,20.0,120.0,8.95,180.0,19.0,114.0,9.47,359.0,234,153.42
2018,Match_691,Mumbai Indians,Rajasthan Royals,168.0,20.0,120.0,8.4,171.0,18.0,108.0,9.5,339.0,228,148.68
2018,Match_692,Kings XI Punjab,Royal Challengers Bengaluru,92.0,8.1,49.0,11.27,,,,,92.0,49,187.76
2018,Match_693,Rajasthan Royals,Kolkata Knight Riders,145.0,18.0,108.0,8.06,,,,,145.0,108,134.26
2018,Match_694,Mumbai Indians,Kings XI Punjab,186.0,20.0,120.0,9.3,183.0,20.0,120.0,9.15,369.0,240,153.75
2018,Match_695,Royal Challengers Bengaluru,Sunrisers Hyderabad,218.0,20.0,120.0,10.9,204.0,20.0,120.0,10.2,422.0,240,175.83
2018,Match_696,Delhi Daredevils,Chennai Super Kings,162.0,20.0,120.0,8.1,128.0,20.0,120.0,6.4,290.0,240,120.83
2018,Match_697,Rajasthan Royals,Royal Challengers Bengaluru,164.0,20.0,120.0,8.2,,,,,164.0,120,136.67
2018,Match_698,Sunrisers Hyderabad,Kolkata Knight Riders,172.0,20.0,120.0,8.6,173.0,19.4,118.0,8.8,345.0,238,144.96
2018,Match_699,Delhi Daredevils,Mumbai Indians,174.0,20.0,120.0,8.7,,,,,174.0,120,145.0
2018,Match_700,Kings XI Punjab,Chennai Super Kings,159.0,19.1,115.0,8.3,,,,,159.0,115,138.26
2018,Match_701,Sunrisers Hyderabad,Chennai Super Kings,139.0,20.0,120.0,6.95,140.0,19.1,115.0,7.3,279.0,235,118.72
2018,Match_702,Kolkata Knight Riders,Rajasthan Royals,169.0,20.0,120.0,8.45,144.0,20.0,120.0,7.2,313.0,240,130.42
2018,Match_703,Sunrisers Hyderabad,Kolkata Knight Riders,174.0,20.0,120.0,8.7,160.0,20.0,120.0,8.0,334.0,240,139.17
2018,Match_704,Sunrisers Hyderabad,Chennai Super Kings,178.0,20.0,120.0,8.9,181.0,18.3,111.0,9.78,359.0,231,155.41
2019,Match_705,Royal Challengers Bengaluru,Chennai Super Kings,71.0,17.4,106.0,4.02,,,,,71.0,106,66.98
2019,Match_706,Sunrisers Hyderabad,Kolkata Knight Riders,181.0,20.0,120.0,9.05,183.0,19.4,118.0,9.31,364.0,238,152.94
2019,Match_707,Delhi Capitals,Mumbai Indians,213.0,20.0,120.0,10.65,,,,,213.0,120,177.5
2019,Match_708,Kings XI Punjab,Rajasthan Royals,184.0,20.0,120.0,9.2,170.0,20.0,120.0,8.5,354.0,240,147.5
2019,Match_709,Delhi Capitals,Chennai Super Kings,147.0,20.0,120.0,7.35,150.0,19.4,118.0,7.63,297.0,238,124.79
2019,Match_710,Kolkata Knight Riders,Kings XI Punjab,218.0,20.0,120.0,10.9,190.0,20.0,120.0,9.5,408.0,240,170.0
2019,Match_711,Mumbai Indians,Royal Challengers Bengaluru,187.0,20.0,120.0,9.35,181.0,20.0,120.0,9.05,368.0,240,153.33
2019,Match_712,Rajasthan Royals,Sunrisers Hyderabad,198.0,20.0,120.0,9.9,201.0,19.0,114.0,10.58,399.0,234,170.51
2019,Match_713,Mumbai Indians,Kings XI Punjab,176.0,20.0,120.0,8.8,177.0,18.4,112.0,9.48,353.0,232,152.16
2019,Match_714,Kolkata Knight Riders,Delhi Capitals,185.0,20.0,120.0,9.25,185.0,20.0,120.0,9.25,370.0,240,154.17
2019,Match_715,Sunrisers Hyderabad,Royal Challengers Bengaluru,231.0,20.0,120.0,11.55,,,,,231.0,120,192.5
2019,Match_716,Chennai Super Kings,Rajasthan Royals,175.0,20.0,120.0,8.75,167.0,20.0,120.0,8.35,342.0,240,142.5
2019,Match_717,Kings XI Punjab,Delhi Capitals,166.0,20.0,120.0,8.3,,,,,166.0,120,138.33
2019,Match_718,Royal Challengers Bengaluru,Rajasthan Royals,158.0,20.0,120.0,7.9,164.0,19.5,119.0,8.27,322.0,239,134.73
2019,Match_719,Mumbai Indians,Chennai Super Kings,170.0,20.0,120.0,8.5,133.0,20.0,120.0,6.65,303.0,240,126.25
2019,Match_720,Delhi Capitals,Sunrisers Hyderabad,129.0,20.0,120.0,6.45,131.0,18.3,111.0,7.08,260.0,231,112.55
2019,Match_721,Royal Challengers Bengaluru,Kolkata Knight Riders,205.0,20.0,120.0,10.25,206.0,19.1,115.0,10.75,411.0,235,174.89
2019,Match_722,Chennai Super Kings,Kings XI Punjab,160.0,20.0,120.0,8.0,138.0,20.0,120.0,6.9,298.0,240,124.17
2019,Match_723,Mumbai Indians,Sunrisers Hyderabad,136.0,20.0,120.0,6.8,,,,,136.0,120,113.33
2019,Match_724,Royal Challengers Bengaluru,Delhi Capitals,149.0,20.0,120.0,7.45,152.0,18.5,113.0,8.07,301.0,233,129.18
2019,Match_725,Rajasthan Royals,Kolkata Knight Riders,139.0,20.0,120.0,6.95,140.0,13.5,83.0,10.12,279.0,203,137.44
2019,Match_726,Sunrisers Hyderabad,Kings XI Punjab,150.0,20.0,120.0,7.5,151.0,19.5,119.0,7.61,301.0,239,125.94
2019,Match_727,Kolkata Knight Riders,Chennai Super Kings,108.0,20.0,120.0,5.4,111.0,17.2,104.0,6.4,219.0,224,97.77
2019,Match_728,Kings XI Punjab,Mumbai Indians,197.0,20.0,120.0,9.85,198.0,20.0,120.0,9.9,395.0,240,164.58
2019,Match_729,Rajasthan Royals,Chennai Super Kings,151.0,20.0,120.0,7.55,155.0,20.0,120.0,7.75,306.0,240,127.5
2019,Match_730,Kolkata Knight Riders,Delhi Capitals,178.0,20.0,120.0,8.9,180.0,18.5,113.0,9.56,358.0,233,153.65
2019,Match_731,Mumbai Indians,Rajasthan Royals,187.0,20.0,120.0,9.35,188.0,19.3,117.0,9.64,375.0,237,158.23
2019,Match_732,Kings XI Punjab,Royal Challengers Bengaluru,173.0,20.0,120.0,8.65,174.0,19.2,116.0,9.0,347.0,236,147.03
2019,Match_733,Kolkata Knight Riders,Chennai Super Kings,161.0,20.0,120.0,8.05,162.0,19.4,118.0,8.24,323.0,238,135.71
2019,Match_734,Delhi Capitals,Sunrisers Hyderabad,155.0,20.0,120.0,7.75,,,,,155.0,120,129.17
2019,Match_735,Royal Challengers Bengaluru,Mumbai Indians,171.0,20.0,120.0,8.55,172.0,19.0,114.0,9.05,343.0,234,146.58
2019,Match_736,Kings XI Punjab,Rajasthan Royals,182.0,20.0,120.0,9.1,170.0,20.0,120.0,8.5,352.0,240,146.67
2019,Match_737,Chennai Super Kings,Sunrisers Hyderabad,132.0,20.0,120.0,6.6,137.0,16.5,101.0,8.14,269.0,221,121.72
2019,Match_738,Mumbai Indians,Delhi Capitals,168.0,20.0,120.0,8.4,128.0,20.0,120.0,6.4,296.0,240,123.33
2019,Match_739,Royal Challengers Bengaluru,Kolkata Knight Riders,213.0,20.0,120.0,10.65,203.0,20.0,120.0,10.15,416.0,240,173.33
2019,Match_740,Mumbai Indians,Rajasthan Royals,161.0,20.0,120.0,8.05,162.0,19.1,115.0,8.45,323.0,235,137.45
2019,Match_741,Kings XI Punjab,Delhi Capitals,163.0,20.0,120.0,8.15,166.0,19.4,118.0,8.44,329.0,238,138.24
2019,Match_742,Kolkata Knight Riders,Sunrisers Hyderabad,159.0,20.0,120.0,7.95,161.0,15.0,90.0,10.73,320.0,210,152.38
2019,Match_743,Royal Challengers Bengaluru,Chennai Super Kings,161.0,20.0,120.0,8.05,160.0,20.0,120.0,8.0,321.0,240,133.75
2019,Match_744,Rajasthan Royals,Delhi Capitals,191.0,20.0,120.0,9.55,193.0,19.2,116.0,9.98,384.0,236,162.71
2019,Match_745,Sunrisers Hyderabad,Chennai Super Kings,175.0,20.0,120.0,8.75,176.0,19.5,119.0,8.87,351.0,239,146.86
2019,Match_746,Royal Challengers Bengaluru,Kings XI Punjab,202.0,20.0,120.0,10.1,185.0,20.0,120.0,9.25,387.0,240,161.25
2019,Match_747,Kolkata Knight Riders,Rajasthan Royals,175.0,20.0,120.0,8.75,177.0,19.2,116.0,9.16,352.0,236,149.15
2019,Match_748,Mumbai Indians,Chennai Super Kings,155.0,20.0,120.0,7.75,,,,,155.0,120,129.17
2019,Match_749,Sunrisers Hyderabad,Rajasthan Royals,160.0,20.0,120.0,8.0,161.0,19.1,115.0,8.4,321.0,235,136.6
2019,Match_750,Delhi Capitals,Royal Challengers Bengaluru,187.0,20.0,120.0,9.35,171.0,20.0,120.0,8.55,358.0,240,149.17
2019,Match_751,Kolkata Knight Riders,Mumbai Indians,232.0,20.0,120.0,11.6,198.0,20.0,120.0,9.9,430.0,240,179.17
2019,Match_752,Sunrisers Hyderabad,Kings XI Punjab,212.0,20.0,120.0,10.6,167.0,20.0,120.0,8.35,379.0,240,157.92
2019,Match_753,Royal Challengers Bengaluru,Rajasthan Royals,62.0,5.0,30.0,12.4,41.0,3.2,20.0,12.3,103.0,50,206.0
2019,Match_754,Chennai Super Kings,Delhi Capitals,179.0,20.0,120.0,8.95,,,,,179.0,120,149.17
2019,Match_755,Mumbai Indians,Sunrisers Hyderabad,162.0,20.0,120.0,8.1,162.0,20.0,120.0,8.1,324.0,240,135.0
2019,Match_756,Kings XI Punjab,Kolkata Knight Riders,183.0,20.0,120.0,9.15,185.0,18.0,108.0,10.28,368.0,228,161.4
2019,Match_757,Rajasthan Royals,Delhi Capitals,115.0,20.0,120.0,5.75,121.0,16.1,97.0,7.48,236.0,217,108.76
2019,Match_758,Sunrisers Hyderabad,Royal Challengers Bengaluru,175.0,20.0,120.0,8.75,178.0,19.2,116.0,9.21,353.0,236,149.58
2019,Match_759,Chennai Super Kings,Kings XI Punjab,170.0,20.0,120.0,8.5,173.0,18.0,108.0,9.61,343.0,228,150.44
2019,Match_760,Kolkata Knight Riders,Mumbai Indians,133.0,20.0,120.0,6.65,134.0,16.1,97.0,8.29,267.0,217,123.04
2019,Match_761,Chennai Super Kings,Mumbai Indians,131.0,20.0,120.0,6.55,132.0,18.3,111.0,7.14,263.0,231,113.85
2019,Match_762,Sunrisers Hyderabad,Delhi Capitals,162.0,20.0,120.0,8.1,165.0,19.5,119.0,8.32,327.0,239,136.82
2019,Match_763,Delhi Capitals,Chennai Super Kings,147.0,20.0,120.0,7.35,151.0,19.0,114.0,7.95,298.0,234,127.35
2019,Match_764,Mumbai Indians,Chennai Super Kings,149.0,20.0,120.0,7.45,148.0,20.0,120.0,7.4,297.0,240,123.75
2020,Match_765,Mumbai Indians,Chennai Super Kings,162.0,20.0,120.0,8.1,166.0,19.2,116.0,8.59,328.0,236,138.98
2020,Match_766,Delhi Capitals,Kings XI Punjab,157.0,20.0,120.0,7.85,157.0,20.0,120.0,7.85,314.0,240,130.83
2020,Match_767,Royal Challengers Bengaluru,Sunrisers Hyderabad,163.0,20.0,120.0,8.15,,,,,163.0,120,135.83
2020,Match_768,Rajasthan Royals,Chennai Super Kings,216.0,20.0,120.0,10.8,200.0,20.0,120.0,10.0,416.0,240,173.33
2020,Match_769,Mumbai Indians,Kolkata Knight Riders,195.0,20.0,120.0,9.75,146.0,20.0,120.0,7.3,341.0,240,142.08
2020,Match_770,Kings XI Punjab,Royal Challengers Bengaluru,206.0,20.0,120.0,10.3,,,,,206.0,120,171.67
2020,Match_771,Delhi Capitals,Chennai Super Kings,175.0,20.0,120.0,8.75,131.0,20.0,120.0,6.55,306.0,240,127.5
2020,Match_772,Sunrisers Hyderabad,Kolkata Knight Riders,142.0,20.0,120.0,7.1,145.0,18.0,108.0,8.06,287.0,228,125.88
2020,Match_773,Kings XI Punjab,Rajasthan Royals,223.0,20.0,120.0,11.15,226.0,19.3,117.0,11.59,449.0,237,189.45
2020,Match_774,Royal Challengers Bengaluru,Mumbai Indians,201.0,20.0,120.0,10.05,201.0,20.0,120.0,10.05,402.0,240,167.5
2020,Match_775,Sunrisers Hyderabad,Delhi Capitals,162.0,20.0,120.0,8.1,147.0,20.0,120.0,7.35,309.0,240,128.75
2020,Match_776,Kolkata Knight Riders,Rajasthan Royals,174.0,20.0,120.0,8.7,137.0,20.0,120.0,6.85,311.0,240,129.58
2020,Match_777,Mumbai Indians,Kings XI Punjab,191.0,20.0,120.0,9.55,143.0,20.0,120.0,7.15,334.0,240,139.17
2020,Match_778,Sunrisers Hyderabad,Chennai Super Kings,164.0,20.0,120.0,8.2,157.0,20.0,120.0,7.85,321.0,240,133.75
2020,Match_779,Rajasthan Royals,Royal Challengers Bengaluru,154.0,20.0,120.0,7.7,158.0,19.1,115.0,8.24,312.0,235,132.77
2020,Match_780,Delhi Capitals,Kolkata Knight Riders,228.0,20.0,120.0,11.4,210.0,20.0,120.0,10.5,438.0,240,182.5
2020,Match_781,Mumbai Indians,Sunrisers Hyderabad,208.0,20.0,120.0,10.4,174.0,20.0,120.0,8.7,382.0,240,159.17
2020,Match_782,Kings XI Punjab,Chennai Super Kings,178.0,20.0,120.0,8.9,181.0,17.4,106.0,10.25,359.0,226,158.85
2020,Match_783,Delhi Capitals,Royal Challengers Bengaluru,196.0,20.0,120.0,9.8,137.0,20.0,120.0,6.85,333.0,240,138.75
2020,Match_784,Mumbai Indians,Rajasthan Royals,193.0,20.0,120.0,9.65,,,,,193.0,120,160.83
2020,Match_785,Kolkata Knight Riders,Chennai Super Kings,157.0,20.0,120.0,7.85,,,,,157.0,120,130.83
2020,Match_786,Sunrisers Hyderabad,Kings XI Punjab,201.0,20.0,120.0,10.05,,,,,201.0,120,167.5
2020,Match_787,Delhi Capitals,Rajasthan Royals,184.0,20.0,120.0,9.2,,,,,184.0,120,153.33
2020,Match_788,Kolkata Knight Riders,Kings XI Punjab,164.0,20.0,120.0,8.2,162.0,20.0,120.0,8.1,326.0,240,135.83
2020,Match_789,Royal Challengers Bengaluru,Chennai Super Kings,169.0,20.0,120.0,8.45,132.0,20.0,120.0,6.6,301.0,240,125.42
2020,Match_790,Sunrisers Hyderabad,Rajasthan Royals,158.0,20.0,120.0,7.9,163.0,19.5,119.0,8.22,321.0,239,134.31
2020,Match_791,Delhi Capitals,Mumbai Indians,162.0,20.0,120.0,8.1,166.0,19.4,118.0,8.44,328.0,238,137.82
2020,Match_792,Royal Challengers Bengaluru,Kolkata Knight Riders,194.0,20.0,120.0,9.7,112.0,20.0,120.0,5.6,306.0,240,127.5
2020,Match_793,Chennai Super Kings,Sunrisers Hyderabad,167.0,20.0,120.0,8.35,147.0,20.0,120.0,7.35,314.0,240,130.83
2020,Match_794,Delhi Capitals,Rajasthan Royals,161.0,20.0,120.0,8.05,148.0,20.0,120.0,7.4,309.0,240,128.75
2020,Match_795,Royal Challengers Bengaluru,Kings XI Punjab,171.0,20.0,120.0,8.55,177.0,20.0,120.0,8.85,348.0,240,145.0
2020,Match_796,Kolkata Knight Riders,Mumbai Indians,148.0,20.0,120.0,7.4,149.0,16.5,101.0,8.85,297.0,221,134.39
2020,Match_797,Rajasthan Royals,Royal Challengers Bengaluru,177.0,20.0,120.0,8.85,179.0,19.4,118.0,9.1,356.0,238,149.58
2020,Match_798,Chennai Super Kings,Delhi Capitals,179.0,20.0,120.0,8.95,185.0,19.5,119.0,9.33,364.0,239,152.3
2020,Match_799,Kolkata Knight Riders,Sunrisers Hyderabad,163.0,20.0,120.0,8.15,163.0,20.0,120.0,8.15,326.0,240,135.83
2020,Match_800,Mumbai Indians,Kings XI Punjab,176.0,20.0,120.0,8.8,176.0,20.0,120.0,8.8,352.0,240,146.67
2020,Match_801,Chennai Super Kings,Rajasthan Royals,125.0,20.0,120.0,6.25,126.0,17.3,105.0,7.2,251.0,225,111.56
2020,Match_802,Delhi Capitals,Kings XI Punjab,164.0,20.0,120.0,8.2,167.0,19.0,114.0,8.79,331.0,234,141.45
2020,Match_803,Kolkata Knight Riders,Royal Challengers Bengaluru,84.0,20.0,120.0,4.2,85.0,13.3,81.0,6.3,169.0,201,84.08
2020,Match_804,Rajasthan Royals,Sunrisers Hyderabad,154.0,20.0,120.0,7.7,156.0,18.1,109.0,8.59,310.0,229,135.37
2020,Match_805,Chennai Super Kings,Mumbai Indians,114.0,20.0,120.0,5.7,116.0,12.2,74.0,9.41,230.0,194,118.56
2020,Match_806,Kolkata Knight Riders,Delhi Capitals,194.0,20.0,120.0,9.7,135.0,20.0,120.0,6.75,329.0,240,137.08
2020,Match_807,Kings XI Punjab,Sunrisers Hyderabad,126.0,20.0,120.0,6.3,,,,,126.0,120,105.0
2020,Match_808,Royal Challengers Bengaluru,Chennai Super Kings,145.0,20.0,120.0,7.25,150.0,18.4,112.0,8.04,295.0,232,127.16
2020,Match_809,Mumbai Indians,Rajasthan Royals,195.0,20.0,120.0,9.75,196.0,18.2,110.0,10.69,391.0,230,170.0
2020,Match_810,Kolkata Knight Riders,Kings XI Punjab,149.0,20.0,120.0,7.45,150.0,18.5,113.0,7.96,299.0,233,128.33
2020,Match_811,Sunrisers Hyderabad,Delhi Capitals,219.0,20.0,120.0,10.95,,,,,219.0,120,182.5
2020,Match_812,Royal Challengers Bengaluru,Mumbai Indians,164.0,20.0,120.0,8.2,166.0,19.1,115.0,8.66,330.0,235,140.43
2020,Match_813,Kolkata Knight Riders,Chennai Super Kings,172.0,20.0,120.0,8.6,178.0,20.0,120.0,8.9,350.0,240,145.83
2020,Match_814,Kings XI Punjab,Rajasthan Royals,185.0,20.0,120.0,9.25,186.0,17.3,105.0,10.63,371.0,225,164.89
2020,Match_815,Delhi Capitals,Mumbai Indians,110.0,20.0,120.0,5.5,111.0,14.2,86.0,7.74,221.0,206,107.28
2020,Match_816,Royal Challengers Bengaluru,Sunrisers Hyderabad,120.0,20.0,120.0,6.0,121.0,14.1,85.0,8.54,241.0,205,117.56
2020,Match_817,Kings XI Punjab,Chennai Super Kings,153.0,20.0,120.0,7.65,154.0,18.5,113.0,8.18,307.0,233,131.76
2020,Match_818,Kolkata Knight Riders,Rajasthan Royals,191.0,20.0,120.0,9.55,131.0,20.0,120.0,6.55,322.0,240,134.17
2020,Match_819,Royal Challengers Bengaluru,Delhi Capitals,152.0,20.0,120.0,7.6,154.0,19.0,114.0,8.11,306.0,234,130.77
2020,Match_820,Mumbai Indians,Sunrisers Hyderabad,149.0,20.0,120.0,7.45,151.0,17.1,103.0,8.8,300.0,223,134.53
2020,Match_821,Mumbai Indians,Delhi Capitals,200.0,20.0,120.0,10.0,143.0,20.0,120.0,7.15,343.0,240,142.92
2020,Match_822,Royal Challengers Bengaluru,Sunrisers Hyderabad,131.0,20.0,120.0,6.55,132.0,19.4,118.0,6.71,263.0,238,110.5
2020,Match_823,Delhi Capitals,Sunrisers Hyderabad,189.0,20.0,120.0,9.45,172.0,20.0,120.0,8.6,361.0,240,150.42
2020,Match_824,Delhi Capitals,Mumbai Indians,156.0,20.0,120.0,7.8,157.0,18.4,112.0,8.41,313.0,232,134.91
2021,Match_825,Mumbai Indians,Royal Challengers Bengaluru,159.0,20.0,120.0,7.95,160.0,20.0,120.0,8.0,319.0,240,132.92
2021,Match_826,Chennai Super Kings,Delhi Capitals,188.0,20.0,120.0,9.4,190.0,18.4,112.0,10.18,378.0,232,162.93
2021,Match_827,Kolkata Knight Riders,Sunrisers Hyderabad,187.0,20.0,120.0,9.35,177.0,20.0,120.0,8.85,364.0,240,151.67
2021,Match_828,Punjab Kings,Rajasthan Royals,221.0,20.0,120.0,11.05,217.0,20.0,120.0,10.85,438.0,240,182.5
2021,Match_829,Mumbai Indians,Kolkata Knight Riders,142.0,20.0,120.0,7.1,,,,,142.0,120,118.33
2021,Match_830,Royal Challengers Bengaluru,Sunrisers Hyderabad,149.0,20.0,120.0,7.45,143.0,20.0,120.0,7.15,292.0,240,121.67
2021,Match_831,Delhi Capitals,Rajasthan Royals,147.0,20.0,120.0,7.35,150.0,19.4,118.0,7.63,297.0,238,124.79
2021,Match_832,Punjab Kings,Chennai Super Kings,106.0,20.0,120.0,5.3,107.0,15.4,94.0,6.83,213.0,214,99.53
2021,Match_833,Mumbai Indians,Sunrisers Hyderabad,150.0,20.0,120.0,7.5,,,,,150.0,120,125.0
2021,Match_834,Royal Challengers Bengaluru,Kolkata Knight Riders,204.0,20.0,120.0,10.2,166.0,20.0,120.0,8.3,370.0,240,154.17
2021,Match_835,Punjab Kings,Delhi Capitals,195.0,20.0,120.0,9.75,198.0,18.2,110.0,10.8,393.0,230,170.87
2021,Match_836,Chennai Super Kings,Rajasthan Royals,188.0,20.0,120.0,9.4,143.0,20.0,120.0,7.15,331.0,240,137.92
2021,Match_837,Mumbai Indians,Delhi Capitals,137.0,20.0,120.0,6.85,138.0,19.1,115.0,7.2,275.0,235,117.02
2021,Match_838,Punjab Kings,Sunrisers Hyderabad,121.0,18.4,112.0,6.48,,,,,121.0,112,108.04
2021,Match_839,Chennai Super Kings,Kolkata Knight Riders,220.0,20.0,120.0,11.0,,,,,220.0,120,183.33
2021,Match_840,Rajasthan Royals,Royal Challengers Bengaluru,177.0,20.0,120.0,8.85,181.0,16.3,99.0,10.97,358.0,219,163.47
2021,Match_841,Mumbai Indians,Punjab Kings,131.0,20.0,120.0,6.55,132.0,17.4,106.0,7.47,263.0,226,116.37
2021,Match_842,Kolkata Knight Riders,Rajasthan Royals,133.0,20.0,120.0,6.65,134.0,18.5,113.0,7.12,267.0,233,114.59
2021,Match_843,Chennai Super Kings,Royal Challengers Bengaluru,191.0,20.0,120.0,9.55,122.0,20.0,120.0,6.1,313.0,240,130.42
2021,Match_844,Delhi Capitals,Sunrisers Hyderabad,159.0,20.0,120.0,7.95,159.0,20.0,120.0,7.95,318.0,240,132.5
2021,Match_845,Punjab Kings,Kolkata Knight Riders,123.0,20.0,120.0,6.15,126.0,16.4,100.0,7.56,249.0,220,113.18
2021,Match_846,Royal Challengers Bengaluru,Delhi Capitals,171.0,20.0,120.0,8.55,170.0,20.0,120.0,8.5,341.0,240,142.08
2021,Match_847,Sunrisers Hyderabad,Chennai Super Kings,171.0,20.0,120.0,8.55,173.0,18.3,111.0,9.35,344.0,231,148.92
2021,Match_848,Rajasthan Royals,Mumbai Indians,171.0,20.0,120.0,8.55,172.0,18.3,111.0,9.3,343.0,231,148.48
2021,Match_849,Kolkata Knight Riders,Delhi Capitals,154.0,20.0,120.0,7.7,156.0,16.3,99.0,9.45,310.0,219,141.55
2021,Match_850,Punjab Kings,Royal Challengers Bengaluru,179.0,20.0,120.0,8.95,145.0,20.0,120.0,7.25,324.0,240,135.0
2021,Match_851,Chennai Super Kings,Mumbai Indians,218.0,20.0,120.0,10.9,219.0,20.0,120.0,10.95,437.0,240,182.08
2021,Match_852,Rajasthan Royals,Sunrisers Hyderabad,220.0,20.0,120.0,11.0,165.0,20.0,120.0,8.25,385.0,240,160.42
2021,Match_853,Punjab Kings,Delhi Capitals,166.0,20.0,120.0,8.3,167.0,17.4,106.0,9.45,333.0,226,147.35
2021,Match_854,Chennai Super Kings,Mumbai Indians,156.0,20.0,120.0,7.8,136.0,20.0,120.0,6.8,292.0,240,121.67
2021,Match_855,Royal Challengers Bengaluru,Kolkata Knight Riders,94.0,10.0,60.0,9.4,,,,,94.0,60,156.67
2021,Match_856,Rajasthan Royals,Punjab Kings,183.0,20.0,120.0,9.15,,,,,183.0,120,152.5
2021,Match_857,Sunrisers Hyderabad,Delhi Capitals,134.0,20.0,120.0,6.7,139.0,17.5,107.0,7.79,273.0,227,120.26
2021,Match_858,Mumbai Indians,Kolkata Knight Riders,155.0,20.0,120.0,7.75,159.0,15.1,91.0,10.48,314.0,211,148.82
2021,Match_859,Royal Challengers Bengaluru,Chennai Super Kings,156.0,20.0,120.0,7.8,157.0,18.1,109.0,8.64,313.0,229,136.68
2021,Match_860,Delhi Capitals,Rajasthan Royals,154.0,20.0,120.0,7.7,121.0,20.0,120.0,6.05,275.0,240,114.58
2021,Match_861,Punjab Kings,Sunrisers Hyderabad,125.0,20.0,120.0,6.25,120.0,20.0,120.0,6.0,245.0,240,102.08
2021,Match_862,Kolkata Knight Riders,Chennai Super Kings,171.0,20.0,120.0,8.55,172.0,20.0,120.0,8.6,343.0,240,142.92
2021,Match_863,Royal Challengers Bengaluru,Mumbai Indians,165.0,20.0,120.0,8.25,,,,,165.0,120,137.5
2021,Match_864,Rajasthan Royals,Sunrisers Hyderabad,164.0,20.0,120.0,8.2,167.0,18.3,111.0,9.03,331.0,231,143.29
2021,Match_865,Punjab Kings,Mumbai Indians,135.0,20.0,120.0,6.75,137.0,19.0,114.0,7.21,272.0,234,116.24
2021,Match_866,Delhi Capitals,Kolkata Knight Riders,127.0,20.0,120.0,6.35,130.0,18.2,110.0,7.09,257.0,230,111.74
2021,Match_867,Rajasthan Royals,Royal Challengers Bengaluru,149.0,20.0,120.0,7.45,153.0,17.1,103.0,8.91,302.0,223,135.43
2021,Match_868,Sunrisers Hyderabad,Chennai Super Kings,134.0,20.0,120.0,6.7,139.0,19.4,118.0,7.07,273.0,238,114.71
2021,Match_869,Kolkata Knight Riders,Punjab Kings,165.0,20.0,120.0,8.25,168.0,19.3,117.0,8.62,333.0,237,140.51
2021,Match_870,Mumbai Indians,Delhi Capitals,129.0,20.0,120.0,6.45,132.0,19.1,115.0,6.89,261.0,235,111.06
2021,Match_871,Chennai Super Kings,Rajasthan Royals,189.0,20.0,120.0,9.45,190.0,17.3,105.0,10.86,379.0,225,168.44
2021,Match_872,Royal Challengers Bengaluru,Punjab Kings,164.0,20.0,120.0,8.2,158.0,20.0,120.0,7.9,322.0,240,134.17
2021,Match_873,Sunrisers Hyderabad,Kolkata Knight Riders,115.0,20.0,120.0,5.75,119.0,19.4,118.0,6.05,234.0,238,98.32
2021,Match_874,Chennai Super Kings,Delhi Capitals,136.0,20.0,120.0,6.8,139.0,19.4,118.0,7.07,275.0,238,115.55
2021,Match_875,Rajasthan Royals,Mumbai Indians,90.0,20.0,120.0,4.5,94.0,8.2,50.0,11.28,184.0,170,108.24
2021,Match_876,Sunrisers Hyderabad,Royal Challengers Bengaluru,141.0,20.0,120.0,7.05,137.0,20.0,120.0,6.85,278.0,240,115.83
2021,Match_877,Chennai Super Kings,Punjab Kings,134.0,20.0,120.0,6.7,139.0,13.0,78.0,10.69,273.0,198,137.88
2021,Match_878,Kolkata Knight Riders,Rajasthan Royals,171.0,20.0,120.0,8.55,,,,,171.0,120,142.5
2021,Match_879,Mumbai Indians,Sunrisers Hyderabad,235.0,20.0,120.0,11.75,193.0,20.0,120.0,9.65,428.0,240,178.33
2021,Match_880,Delhi Capitals,Royal Challengers Bengaluru,164.0,20.0,120.0,8.2,166.0,20.0,120.0,8.3,330.0,240,137.5
2021,Match_881,Delhi Capitals,Chennai Super Kings,172.0,20.0,120.0,8.6,173.0,19.4,118.0,8.8,345.0,238,144.96
2021,Match_882,Royal Challengers Bengaluru,Kolkata Knight Riders,138.0,20.0,120.0,6.9,139.0,19.4,118.0,7.07,277.0,238,116.39
2021,Match_883,Delhi Capitals,Kolkata Knight Riders,135.0,20.0,120.0,6.75,136.0,19.5,119.0,6.86,271.0,239,113.39
2021,Match_884,Chennai Super Kings,Kolkata Knight Riders,192.0,20.0,120.0,9.6,165.0,20.0,120.0,8.25,357.0,240,148.75
2022,Match_885,Chennai Super Kings,Kolkata Knight Riders,131.0,20.0,120.0,6.55,133.0,18.3,111.0,7.19,264.0,231,114.29
2022,Match_886,Mumbai Indians,Delhi Capitals,177.0,20.0,120.0,8.85,179.0,18.2,110.0,9.76,356.0,230,154.78
2022,Match_887,Royal Challengers Bengaluru,Punjab Kings,205.0,20.0,120.0,10.25,208.0,19.0,114.0,10.95,413.0,234,176.5
2022,Match_888,Lucknow Super Giants,Gujarat Titans,158.0,20.0,120.0,7.9,161.0,19.4,118.0,8.19,319.0,238,134.03
2022,Match_889,Rajasthan Royals,Sunrisers Hyderabad,210.0,20.0,120.0,10.5,149.0,20.0,120.0,7.45,359.0,240,149.58
2022,Match_890,Kolkata Knight Riders,Royal Challengers Bengaluru,132.0,19.2,116.0,6.83,,,,,132.0,116,113.79
2022,Match_891,Chennai Super Kings,Lucknow Super Giants,210.0,20.0,120.0,10.5,211.0,19.3,117.0,10.82,421.0,237,177.64
2022,Match_892,Punjab Kings,Kolkata Knight Riders,141.0,14.3,87.0,9.72,,,,,141.0,87,162.07
2022,Match_893,Rajasthan Royals,Mumbai Indians,193.0,20.0,120.0,9.65,170.0,20.0,120.0,8.5,363.0,240,151.25
2022,Match_894,Gujarat Titans,Delhi Capitals,171.0,20.0,120.0,8.55,157.0,20.0,120.0,7.85,328.0,240,136.67
2022,Match_895,Punjab Kings,Chennai Super Kings,180.0,20.0,120.0,9.0,,,,,180.0,120,150.0
2022,Match_896,Lucknow Super Giants,Sunrisers Hyderabad,169.0,20.0,120.0,8.45,157.0,20.0,120.0,7.85,326.0,240,135.83
2022,Match_897,Rajasthan Royals,Royal Challengers Bengaluru,169.0,20.0,120.0,8.45,173.0,19.1,115.0,9.03,342.0,235,145.53
2022,Match_898,Mumbai Indians,Kolkata Knight Riders,161.0,20.0,120.0,8.05,162.0,16.0,96.0,10.12,323.0,216,149.54
2022,Match_899,Delhi Capitals,Lucknow Super Giants,149.0,20.0,120.0,7.45,155.0,19.4,118.0,7.88,304.0,238,127.73
2022,Match_900,Punjab Kings,Gujarat Titans,189.0,20.0,120.0,9.45,190.0,20.0,120.0,9.5,379.0,240,157.92
2022,Match_901,Chennai Super Kings,Sunrisers Hyderabad,154.0,20.0,120.0,7.7,155.0,17.4,106.0,8.77,309.0,226,136.73
2022,Match_902,Mumbai Indians,Royal Challengers Bengaluru,151.0,20.0,120.0,7.55,152.0,18.3,111.0,8.22,303.0,231,131.17
2022,Match_903,Delhi Capitals,Kolkata Knight Riders,215.0,20.0,120.0,10.75,,,,,215.0,120,179.17
2022,Match_904,Rajasthan Royals,Lucknow Super Giants,165.0,20.0,120.0,8.25,162.0,20.0,120.0,8.1,327.0,240,136.25
2022,Match_905,Gujarat Titans,Sunrisers Hyderabad,162.0,20.0,120.0,8.1,168.0,19.1,115.0,8.77,330.0,235,140.43
2022,Match_906,Chennai Super Kings,Royal Challengers Bengaluru,216.0,20.0,120.0,10.8,193.0,20.0,120.0,9.65,409.0,240,170.42
2022,Match_907,Punjab Kings,Mumbai Indians,198.0,20.0,120.0,9.9,186.0,20.0,120.0,9.3,384.0,240,160.0
2022,Match_908,Gujarat Titans,Rajasthan Royals,192.0,20.0,120.0,9.6,155.0,20.0,120.0,7.75,347.0,240,144.58
2022,Match_909,Kolkata Knight Riders,Sunrisers Hyderabad,175.0,20.0,120.0,8.75,176.0,17.5,107.0,9.87,351.0,227,154.63
2022,Match_910,Lucknow Super Giants,Mumbai Indians,199.0,20.0,120.0,9.95,181.0,20.0,120.0,9.05,380.0,240,158.33
2022,Match_911,Royal Challengers Bengaluru,Delhi Capitals,189.0,20.0,120.0,9.45,173.0,20.0,120.0,8.65,362.0,240,150.83
2022,Match_912,Punjab Kings,Sunrisers Hyderabad,152.0,18.5,113.0,8.07,,,,,152.0,113,134.51
2022,Match_913,Chennai Super Kings,Gujarat Titans,169.0,20.0,120.0,8.45,170.0,19.5,119.0,8.57,339.0,239,141.84
2022,Match_914,Rajasthan Royals,Kolkata Knight Riders,217.0,20.0,120.0,10.85,,,,,217.0,120,180.83
2022,Match_915,Royal Challengers Bengaluru,Lucknow Super Giants,181.0,20.0,120.0,9.05,163.0,20.0,120.0,8.15,344.0,240,143.33
2022,Match_916,Punjab Kings,Delhi Capitals,119.0,10.3,63.0,11.33,,,,,119.0,63,188.89
2022,Match_917,Mumbai Indians,Chennai Super Kings,155.0,20.0,120.0,7.75,156.0,20.0,120.0,7.8,311.0,240,129.58
2022,Match_918,Rajasthan Royals,Delhi Capitals,222.0,20.0,120.0,11.1,207.0,20.0,120.0,10.35,429.0,240,178.75
2022,Match_919,Gujarat Titans,Kolkata Knight Riders,156.0,20.0,120.0,7.8,148.0,20.0,120.0,7.4,304.0,240,126.67
2022,Match_920,Royal Challengers Bengaluru,Sunrisers Hyderabad,72.0,8.0,48.0,9.0,,,,,72.0,48,150.0
2022,Match_921,Lucknow Super Giants,Mumbai Indians,168.0,20.0,120.0,8.4,132.0,20.0,120.0,6.6,300.0,240,125.0
2022,Match_922,Punjab Kings,Chennai Super Kings,187.0,20.0,120.0,9.35,176.0,20.0,120.0,8.8,363.0,240,151.25
2022,Match_923,Rajasthan Royals,Royal Challengers Bengaluru,144.0,20.0,120.0,7.2,,,,,144.0,120,120.0
2022,Match_924,Sunrisers Hyderabad,Gujarat Titans,195.0,20.0,120.0,9.75,199.0,20.0,120.0,9.95,394.0,240,164.17
2022,Match_925,Kolkata Knight Riders,Delhi Capitals,146.0,20.0,120.0,7.3,150.0,19.0,114.0,7.89,296.0,234,126.5
2022,Match_926,Lucknow Super Giants,Punjab Kings,153.0,20.0,120.0,7.65,133.0,20.0,120.0,6.65,286.0,240,119.17
2022,Match_927,Royal Challengers Bengaluru,Gujarat Titans,170.0,20.0,120.0,8.5,174.0,19.3,117.0,8.92,344.0,237,145.15
2022,Match_928,Rajasthan Royals,Mumbai Indians,158.0,20.0,120.0,7.9,161.0,19.2,116.0,8.33,319.0,236,135.17
2022,Match_929,Lucknow Super Giants,Delhi Capitals,195.0,20.0,120.0,9.75,189.0,20.0,120.0,9.45,384.0,240,160.0
2022,Match_930,Chennai Super Kings,Sunrisers Hyderabad,202.0,20.0,120.0,10.1,189.0,20.0,120.0,9.45,391.0,240,162.92
2022,Match_931,Rajasthan Royals,Kolkata Knight Riders,152.0,20.0,120.0,7.6,158.0,19.1,115.0,8.24,310.0,235,131.91
2022,Match_932,Gujarat Titans,Punjab Kings,143.0,20.0,120.0,7.15,145.0,16.0,96.0,9.06,288.0,216,133.33
2022,Match_933,Royal Challengers Bengaluru,Chennai Super Kings,173.0,20.0,120.0,8.65,160.0,20.0,120.0,8.0,333.0,240,138.75
2022,Match_934,Delhi Capitals,Sunrisers Hyderabad,207.0,20.0,120.0,10.35,186.0,20.0,120.0,9.3,393.0,240,163.75
2022,Match_935,Mumbai Indians,Gujarat Titans,177.0,20.0,120.0,8.85,172.0,20.0,120.0,8.6,349.0,240,145.42
2022,Match_936,Punjab Kings,Rajasthan Royals,189.0,20.0,120.0,9.45,190.0,19.4,118.0,9.66,379.0,238,159.24
2022,Match_937,Lucknow Super Giants,Kolkata Knight Riders,176.0,20.0,120.0,8.8,,,,,176.0,120,146.67
2022,Match_938,Royal Challengers Bengaluru,Sunrisers Hyderabad,192.0,20.0,120.0,9.6,,,,,192.0,120,160.0
2022,Match_939,Chennai Super Kings,Delhi Capitals,208.0,20.0,120.0,10.4,,,,,208.0,120,173.33
2022,Match_940,Kolkata Knight Riders,Mumbai Indians,165.0,20.0,120.0,8.25,,,,,165.0,120,137.5
2022,Match_941,Gujarat Titans,Lucknow Super Giants,144.0,20.0,120.0,7.2,,,,,144.0,120,120.0
2022,Match_942,Rajasthan Royals,Delhi Capitals,160.0,20.0,120.0,8.0,161.0,18.1,109.0,8.86,321.0,229,140.17
2022,Match_943,Chennai Super Kings,Mumbai Indians,103.0,14.5,89.0,6.94,,,,,103.0,89,115.73
2022,Match_944,Punjab Kings,Royal Challengers Bengaluru,209.0,20.0,120.0,10.45,155.0,20.0,120.0,7.75,364.0,240,151.67
2022,Match_945,Kolkata Knight Riders,Sunrisers Hyderabad,177.0,20.0,120.0,8.85,123.0,20.0,120.0,6.15,300.0,240,125.0
2022,Match_946,Chennai Super Kings,Gujarat Titans,133.0,20.0,120.0,6.65,137.0,19.1,115.0,7.15,270.0,235,114.89
2022,Match_947,Rajasthan Royals,Lucknow Super Giants,178.0,20.0,120.0,8.9,154.0,20.0,120.0,7.7,332.0,240,138.33
2022,Match_948,Delhi Capitals,Punjab Kings,159.0,20.0,120.0,7.95,142.0,20.0,120.0,7.1,301.0,240,125.42
2022,Match_949,Sunrisers Hyderabad,Mumbai Indians,193.0,20.0,120.0,9.65,190.0,20.0,120.0,9.5,383.0,240,159.58
2022,Match_950,Lucknow Super Giants,Kolkata Knight Riders,210.0,20.0,120.0,10.5,208.0,20.0,120.0,10.4,418.0,240,174.17
2022,Match_951,Gujarat Titans,Royal Challengers Bengaluru,168.0,20.0,120.0,8.4,170.0,18.4,112.0,9.11,338.0,232,145.69
2022,Match_952,Chennai Super Kings,Rajasthan Royals,150.0,20.0,120.0,7.5,151.0,19.4,118.0,7.68,301.0,238,126.47
2022,Match_953,Delhi Capitals,Mumbai Indians,159.0,20.0,120.0,7.95,160.0,19.1,115.0,8.35,319.0,235,135.74
2022,Match_954,Sunrisers Hyderabad,Punjab Kings,157.0,20.0,120.0,7.85,160.0,15.1,91.0,10.55,317.0,211,150.24
2022,Match_955,Rajasthan Royals,Gujarat Titans,188.0,20.0,120.0,9.4,191.0,19.3,117.0,9.79,379.0,237,159.92
2022,Match_956,Royal Challengers Bengaluru,Lucknow Super Giants,207.0,20.0,120.0,10.35,193.0,20.0,120.0,9.65,400.0,240,166.67
2022,Match_957,Royal Challengers Bengaluru,Rajasthan Royals,157.0,20.0,120.0,7.85,161.0,18.1,109.0,8.86,318.0,229,138.86
2022,Match_958,Rajasthan Royals,Gujarat Titans,130.0,20.0,120.0,6.5,133.0,18.1,109.0,7.32,263.0,229,114.85
2023,Match_959,Chennai Super Kings,Gujarat Titans,178.0,20.0,120.0,8.9,182.0,19.2,116.0,9.41,360.0,236,152.54
2023,Match_961,Punjab Kings,Kolkata Knight Riders,191.0,20.0,120.0,9.55,146.0,16.0,96.0,9.12,337.0,216,156.02
2023,Match_962,Lucknow Super Giants,Delhi Capitals,193.0,20.0,120.0,9.65,143.0,20.0,120.0,7.15,336.0,240,140.0
2023,Match_963,Rajasthan Royals,Sunrisers Hyderabad,203.0,20.0,120.0,10.15,131.0,20.0,120.0,6.55,334.0,240,139.17
2023,Match_964,Mumbai Indians,Royal Challengers Bengaluru,171.0,20.0,120.0,8.55,172.0,16.2,98.0,10.53,343.0,218,157.34
2023,Match_965,Chennai Super Kings,Lucknow Super Giants,217.0,20.0,120.0,10.85,205.0,20.0,120.0,10.25,422.0,240,175.83
2023,Match_966,Delhi Capitals,Gujarat Titans,162.0,20.0,120.0,8.1,163.0,18.1,109.0,8.97,325.0,229,141.92
2023,Match_967,Punjab Kings,Rajasthan Royals,197.0,20.0,120.0,9.85,192.0,20.0,120.0,9.6,389.0,240,162.08
2023,Match_968,Kolkata Knight Riders,Royal Challengers Bengaluru,204.0,20.0,120.0,10.2,,,,,204.0,120,170.0
2023,Match_969,Sunrisers Hyderabad,Lucknow Super Giants,121.0,20.0,120.0,6.05,127.0,16.0,96.0,7.94,248.0,216,114.81
2023,Match_970,Rajasthan Royals,Delhi Capitals,199.0,20.0,120.0,9.95,142.0,20.0,120.0,7.1,341.0,240,142.08
2023,Match_971,Mumbai Indians,Chennai Super Kings,157.0,20.0,120.0,7.85,159.0,18.1,109.0,8.75,316.0,229,137.99
2023,Match_972,Gujarat Titans,Kolkata Knight Riders,204.0,20.0,120.0,10.2,207.0,20.0,120.0,10.35,411.0,240,171.25
2023,Match_973,Punjab Kings,Sunrisers Hyderabad,143.0,20.0,120.0,7.15,145.0,17.1,103.0,8.45,288.0,223,129.15
2023,Match_974,Royal Challengers Bengaluru,Lucknow Super Giants,212.0,20.0,120.0,10.6,213.0,20.0,120.0,10.65,425.0,240,177.08
2023,Match_975,Delhi Capitals,Mumbai Indians,173.0,20.0,120.0,8.65,,,,,173.0,120,144.17
2023,Match_976,Rajasthan Royals,Chennai Super Kings,175.0,20.0,120.0,8.75,172.0,20.0,120.0,8.6,347.0,240,144.58
2023,Match_977,Punjab Kings,Gujarat Titans,153.0,20.0,120.0,7.65,154.0,19.5,119.0,7.76,307.0,239,128.45
2023,Match_978,Sunrisers Hyderabad,Kolkata Knight Riders,228.0,20.0,120.0,11.4,205.0,20.0,120.0,10.25,433.0,240,180.42
2023,Match_979,Royal Challengers Bengaluru,Delhi Capitals,174.0,20.0,120.0,8.7,151.0,20.0,120.0,7.55,325.0,240,135.42
2023,Match_980,Lucknow Super Giants,Punjab Kings,159.0,20.0,120.0,7.95,161.0,19.3,117.0,8.26,320.0,237,135.02
2023,Match_981,Kolkata Knight Riders,Mumbai Indians,185.0,20.0,120.0,9.25,186.0,17.4,106.0,10.53,371.0,226,164.16
2023,Match_982,Gujarat Titans,Rajasthan Royals,177.0,20.0,120.0,8.85,179.0,19.2,116.0,9.26,356.0,236,150.85
2023,Match_983,Chennai Super Kings,Royal Challengers Bengaluru,226.0,20.0,120.0,11.3,218.0,20.0,120.0,10.9,444.0,240,185.0
2023,Match_984,Mumbai Indians,Sunrisers Hyderabad,192.0,20.0,120.0,9.6,,,,,192.0,120,160.0
2023,Match_985,Lucknow Super Giants,Rajasthan Royals,154.0,20.0,120.0,7.7,144.0,20.0,120.0,7.2,298.0,240,124.17
2023,Match_986,Royal Challengers Bengaluru,Punjab Kings,174.0,20.0,120.0,8.7,,,,,174.0,120,145.0
2023,Match_987,Kolkata Knight Riders,Delhi Capitals,128.0,19.2,116.0,6.62,,,,,128.0,116,110.34
2023,Match_988,Sunrisers Hyderabad,Chennai Super Kings,134.0,20.0,120.0,6.7,138.0,18.4,112.0,7.39,272.0,232,117.24
2023,Match_989,Gujarat Titans,Lucknow Super Giants,135.0,20.0,120.0,6.75,128.0,20.0,120.0,6.4,263.0,240,109.58
2023,Match_990,Punjab Kings,Mumbai Indians,214.0,20.0,120.0,10.7,201.0,20.0,120.0,10.05,415.0,240,172.92
2023,Match_991,Royal Challengers Bengaluru,Rajasthan Royals,189.0,20.0,120.0,9.45,182.0,20.0,120.0,9.1,371.0,240,154.58
2023,Match_992,Chennai Super Kings,Kolkata Knight Riders,235.0,20.0,120.0,11.75,186.0,20.0,120.0,9.3,421.0,240,175.42
2023,Match_993,Delhi Capitals,Sunrisers Hyderabad,144.0,20.0,120.0,7.2,137.0,20.0,120.0,6.85,281.0,240,117.08
2023,Match_994,Gujarat Titans,Mumbai Indians,207.0,20.0,120.0,10.35,152.0,20.0,120.0,7.6,359.0,240,149.58
2023,Match_995,Kolkata Knight Riders,Royal Challengers Bengaluru,200.0,20.0,120.0,10.0,179.0,20.0,120.0,8.95,379.0,240,157.92
2023,Match_996,Rajasthan Royals,Chennai Super Kings,202.0,20.0,120.0,10.1,170.0,20.0,120.0,8.5,372.0,240,155.0
2023,Match_997,Lucknow Super Giants,Punjab Kings,257.0,20.0,120.0,12.85,,,,,257.0,120,214.17
2023,Match_998,Kolkata Knight Riders,Gujarat Titans,179.0,20.0,120.0,8.95,180.0,17.5,107.0,10.09,359.0,227,158.15
2023,Match_999,Sunrisers Hyderabad,Delhi Capitals,197.0,20.0,120.0,9.85,188.0,20.0,120.0,9.4,385.0,240,160.42
2023,Match_1000,Chennai Super Kings,Punjab Kings,200.0,20.0,120.0,10.0,201.0,20.0,120.0,10.05,401.0,240,167.08
2023,Match_1001,Rajasthan Royals,Mumbai Indians,212.0,20.0,120.0,10.6,214.0,19.3,117.0,10.97,426.0,237,179.75
2023,Match_1002,Royal Challengers Bengaluru,Lucknow Super Giants,126.0,20.0,120.0,6.3,,,,,126.0,120,105.0
2023,Match_1003,Delhi Capitals,Gujarat Titans,130.0,20.0,120.0,6.5,125.0,20.0,120.0,6.25,255.0,240,106.25
2023,Match_1004,Lucknow Super Giants,Team 2,125.0,19.2,116.0,6.47,,,,,125.0,116,107.76
2023,Match_1005,Punjab Kings,Mumbai Indians,214.0,20.0,120.0,10.7,216.0,18.5,113.0,11.47,430.0,233,184.55
2023,Match_1006,Kolkata Knight Riders,Sunrisers Hyderabad,171.0,20.0,120.0,8.55,166.0,20.0,120.0,8.3,337.0,240,140.42
2023,Match_1007,Rajasthan Royals,Gujarat Titans,119.0,13.5,83.0,8.6,,,,,119.0,83,143.37
2023,Match_1008,Mumbai Indians,Chennai Super Kings,139.0,20.0,120.0,6.95,140.0,17.4,106.0,7.92,279.0,226,123.45
2023,Match_1009,Royal Challengers Bengaluru,Delhi Capitals,181.0,20.0,120.0,9.05,187.0,16.4,100.0,11.22,368.0,220,167.27
2023,Match_1010,Gujarat Titans,Lucknow Super Giants,227.0,20.0,120.0,11.35,171.0,20.0,120.0,8.55,398.0,240,165.83
2023,Match_1011,Rajasthan Royals,Sunrisers Hyderabad,214.0,20.0,120.0,10.7,217.0,20.0,120.0,10.85,431.0,240,179.58
2023,Match_1012,Punjab Kings,Kolkata Knight Riders,179.0,20.0,120.0,8.95,182.0,20.0,120.0,9.1,361.0,240,150.42
2023,Match_1013,Royal Challengers Bengaluru,Mumbai Indians,199.0,20.0,120.0,9.95,200.0,16.3,99.0,12.12,399.0,219,182.19
2023,Match_1014,Chennai Super Kings,Delhi Capitals,167.0,20.0,120.0,8.35,140.0,20.0,120.0,7.0,307.0,240,127.92
2023,Match_1015,Kolkata Knight Riders,Rajasthan Royals,149.0,20.0,120.0,7.45,151.0,13.1,79.0,11.47,300.0,199,150.75
2023,Match_1016,Mumbai Indians,Gujarat Titans,218.0,20.0,120.0,10.9,191.0,20.0,120.0,9.55,409.0,240,170.42
2023,Match_1017,Sunrisers Hyderabad,Lucknow Super Giants,182.0,20.0,120.0,9.1,185.0,19.2,116.0,9.57,367.0,236,155.51
2023,Match_1018,Punjab Kings,Delhi Capitals,167.0,20.0,120.0,8.35,136.0,20.0,120.0,6.8,303.0,240,126.25
2023,Match_1019,Royal Challengers Bengaluru,Rajasthan Royals,171.0,20.0,120.0,8.55,,,,,171.0,120,142.5
2023,Match_1020,Chennai Super Kings,Kolkata Knight Riders,144.0,20.0,120.0,7.2,147.0,18.3,111.0,7.95,291.0,231,125.97
2023,Match_1021,Gujarat Titans,Sunrisers Hyderabad,188.0,20.0,120.0,9.4,154.0,20.0,120.0,7.7,342.0,240,142.5
2023,Match_1022,Lucknow Super Giants,Mumbai Indians,177.0,20.0,120.0,8.85,172.0,20.0,120.0,8.6,349.0,240,145.42
2023,Match_1023,Delhi Capitals,Punjab Kings,213.0,20.0,120.0,10.65,198.0,20.0,120.0,9.9,411.0,240,171.25
2023,Match_1024,Sunrisers Hyderabad,Royal Challengers Bengaluru,186.0,20.0,120.0,9.3,187.0,19.2,116.0,9.67,373.0,236,158.05
2023,Match_1025,Punjab Kings,Rajasthan Royals,187.0,20.0,120.0,9.35,189.0,19.4,118.0,9.61,376.0,238,157.98
2023,Match_1026,Chennai Super Kings,Delhi Capitals,223.0,20.0,120.0,11.15,146.0,20.0,120.0,7.3,369.0,240,153.75
2023,Match_1027,Lucknow Super Giants,Kolkata Knight Riders,176.0,20.0,120.0,8.8,175.0,20.0,120.0,8.75,351.0,240,146.25
2023,Match_1028,Sunrisers Hyderabad,Mumbai Indians,200.0,20.0,120.0,10.0,201.0,18.0,108.0,11.17,401.0,228,175.88
2023,Match_1029,Royal Challengers Bengaluru,Gujarat Titans,197.0,20.0,120.0,9.85,198.0,19.1,115.0,10.33,395.0,235,168.09
2023,Match_1030,Chennai Super Kings,Gujarat Titans,172.0,20.0,120.0,8.6,,,,,172.0,120,143.33
2023,Match_1031,Mumbai Indians,Lucknow Super Giants,182.0,20.0,120.0,9.1,,,,,182.0,120,151.67
2023,Match_1032,Gujarat Titans,Mumbai Indians,233.0,20.0,120.0,11.65,,,,,233.0,120,194.17
2023,Match_1033,Gujarat Titans,Chennai Super Kings,214.0,20.0,120.0,10.7,171.0,15.0,90.0,11.4,385.0,210,183.33
2024,Match_1034,Royal Challengers Bengaluru,Chennai Super Kings,173.0,20.0,120.0,8.65,176.0,18.4,112.0,9.43,349.0,232,150.43
2024,Match_1035,Delhi Capitals,Punjab Kings,174.0,20.0,120.0,8.7,177.0,19.2,116.0,9.16,351.0,236,148.73
2024,Match_1036,Kolkata Knight Riders,Sunrisers Hyderabad,208.0,20.0,120.0,10.4,204.0,20.0,120.0,10.2,412.0,240,171.67
2024,Match_1037,Rajasthan Royals,Lucknow Super Giants,193.0,20.0,120.0,9.65,173.0,20.0,120.0,8.65,366.0,240,152.5
2024,Match_1038,Gujarat Titans,Mumbai Indians,168.0,20.0,120.0,8.4,162.0,20.0,120.0,8.1,330.0,240,137.5
2024,Match_1039,Punjab Kings,Royal Challengers Bengaluru,176.0,20.0,120.0,8.8,178.0,19.2,116.0,9.21,354.0,236,150.0
2024,Match_1040,Chennai Super Kings,Gujarat Titans,206.0,20.0,120.0,10.3,143.0,20.0,120.0,7.15,349.0,240,145.42
2024,Match_1041,Sunrisers Hyderabad,Mumbai Indians,277.0,20.0,120.0,13.85,246.0,20.0,120.0,12.3,523.0,240,217.92
2024,Match_1042,Rajasthan Royals,Delhi Capitals,185.0,20.0,120.0,9.25,173.0,20.0,120.0,8.65,358.0,240,149.17
2024,Match_1043,Royal Challengers Bengaluru,Kolkata Knight Riders,182.0,20.0,120.0,9.1,186.0,16.5,101.0,11.05,368.0,221,166.52
2024,Match_1044,Lucknow Super Giants,Punjab Kings,199.0,20.0,120.0,9.95,178.0,20.0,120.0,8.9,377.0,240,157.08
2024,Match_1045,Sunrisers Hyderabad,Gujarat Titans,162.0,20.0,120.0,8.1,168.0,19.1,115.0,8.77,330.0,235,140.43
2024,Match_1046,Delhi Capitals,Chennai Super Kings,191.0,20.0,120.0,9.55,171.0,20.0,120.0,8.55,362.0,240,150.83
2024,Match_1047,Mumbai Indians,Rajasthan Royals,125.0,20.0,120.0,6.25,127.0,15.3,93.0,8.19,252.0,213,118.31
2024,Match_1048,Lucknow Super Giants,Royal Challengers Bengaluru,181.0,20.0,120.0,9.05,,,,,181.0,120,150.83
2024,Match_1049,Kolkata Knight Riders,Delhi Capitals,272.0,20.0,120.0,13.6,,,,,272.0,120,226.67
2024,Match_1050,Gujarat Titans,Punjab Kings,199.0,20.0,120.0,9.95,200.0,19.5,119.0,10.08,399.0,239,166.95
2024,Match_1051,Chennai Super Kings,Sunrisers Hyderabad,165.0,20.0,120.0,8.25,166.0,18.1,109.0,9.14,331.0,229,144.54
2024,Match_1052,Royal Challengers Bengaluru,Rajasthan Royals,183.0,20.0,120.0,9.15,189.0,19.1,115.0,9.86,372.0,235,158.3
2024,Match_1053,Mumbai Indians,Delhi Capitals,234.0,20.0,120.0,11.7,205.0,20.0,120.0,10.25,439.0,240,182.92
2024,Match_1054,Lucknow Super Giants,Gujarat Titans,163.0,20.0,120.0,8.15,,,,,163.0,120,135.83
2024,Match_1055,Kolkata Knight Riders,Chennai Super Kings,137.0,20.0,120.0,6.85,141.0,17.4,106.0,7.98,278.0,226,123.01
2024,Match_1056,Sunrisers Hyderabad,Punjab Kings,182.0,20.0,120.0,9.1,180.0,20.0,120.0,9.0,362.0,240,150.83
2024,Match_1057,Rajasthan Royals,Gujarat Titans,196.0,20.0,120.0,9.8,199.0,20.0,120.0,9.95,395.0,240,164.58
2024,Match_1058,Royal Challengers Bengaluru,Mumbai Indians,196.0,20.0,120.0,9.8,199.0,15.3,93.0,12.84,395.0,213,185.45
2024,Match_1059,Lucknow Super Giants,Delhi Capitals,167.0,20.0,120.0,8.35,170.0,18.1,109.0,9.36,337.0,229,147.16
2024,Match_1060,Punjab Kings,Rajasthan Royals,147.0,20.0,120.0,7.35,152.0,19.5,119.0,7.66,299.0,239,125.1
2024,Match_1061,Lucknow Super Giants,Kolkata Knight Riders,161.0,20.0,120.0,8.05,162.0,15.4,94.0,10.34,323.0,214,150.93
2024,Match_1062,Chennai Super Kings,Mumbai Indians,206.0,20.0,120.0,10.3,186.0,20.0,120.0,9.3,392.0,240,163.33
2024,Match_1063,Sunrisers Hyderabad,Royal Challengers Bengaluru,287.0,20.0,120.0,14.35,262.0,20.0,120.0,13.1,549.0,240,228.75
2024,Match_1064,Kolkata Knight Riders,Rajasthan Royals,223.0,20.0,120.0,11.15,224.0,20.0,120.0,11.2,447.0,240,186.25
2024,Match_1065,Gujarat Titans,Delhi Capitals,92.0,8.5,53.0,10.42,,,,,92.0,53,173.58
2024,Match_1066,Mumbai Indians,Punjab Kings,192.0,20.0,120.0,9.6,,,,,192.0,120,160.0
2024,Match_1067,Chennai Super Kings,Lucknow Super Giants,176.0,20.0,120.0,8.8,180.0,19.0,114.0,9.47,356.0,234,152.14
2024,Match_1068,Sunrisers Hyderabad,Delhi Capitals,266.0,20.0,120.0,13.3,,,,,266.0,120,221.67
2024,Match_1069,Kolkata Knight Riders,Royal Challengers Bengaluru,222.0,20.0,120.0,11.1,,,,,222.0,120,185.0
2024,Match_1070,Punjab Kings,Gujarat Titans,146.0,19.1,115.0,7.62,,,,,146.0,115,126.96
2024,Match_1071,Mumbai Indians,Rajasthan Royals,179.0,20.0,120.0,8.95,183.0,18.4,112.0,9.8,362.0,232,156.03
2024,Match_1072,Chennai Super Kings,Lucknow Super Giants,210.0,20.0,120.0,10.5,213.0,19.3,117.0,10.92,423.0,237,178.48
2024,Match_1073,Delhi Capitals,Gujarat Titans,224.0,20.0,120.0,11.2,220.0,20.0,120.0,11.0,444.0,240,185.0
2024,Match_1074,Royal Challengers Bengaluru,Sunrisers Hyderabad,206.0,20.0,120.0,10.3,171.0,20.0,120.0,8.55,377.0,240,157.08
2024,Match_1075,Kolkata Knight Riders,Punjab Kings,261.0,20.0,120.0,13.05,262.0,18.4,112.0,14.04,523.0,232,225.43
2024,Match_1076,Delhi Capitals,Mumbai Indians,257.0,20.0,120.0,12.85,247.0,20.0,120.0,12.35,504.0,240,210.0
2024,Match_1077,Lucknow Super Giants,Rajasthan Royals,196.0,20.0,120.0,9.8,199.0,19.0,114.0,10.47,395.0,234,168.8
2024,Match_1078,Gujarat Titans,Royal Challengers Bengaluru,200.0,20.0,120.0,10.0,206.0,16.0,96.0,12.88,406.0,216,187.96
2024,Match_1079,Chennai Super Kings,Sunrisers Hyderabad,212.0,20.0,120.0,10.6,,,,,212.0,120,176.67
2024,Match_1080,Delhi Capitals,Kolkata Knight Riders,153.0,20.0,120.0,7.65,157.0,16.3,99.0,9.52,310.0,219,141.55
2024,Match_1081,Mumbai Indians,Lucknow Super Giants,144.0,20.0,120.0,7.2,145.0,19.2,116.0,7.5,289.0,236,122.46
2024,Match_1082,Chennai Super Kings,Punjab Kings,162.0,20.0,120.0,8.1,163.0,17.5,107.0,9.14,325.0,227,143.17
2024,Match_1083,Sunrisers Hyderabad,Rajasthan Royals,201.0,20.0,120.0,10.05,200.0,20.0,120.0,10.0,401.0,240,167.08
2024,Match_1084,Kolkata Knight Riders,Mumbai Indians,,,,,,,,,0.0,0,0.0
2024,Match_1085,Gujarat Titans,Royal Challengers Bengaluru,152.0,13.4,82.0,11.12,,,,,152.0,82,185.37
2024,Match_1086,Chennai Super Kings,Punjab Kings,167.0,20.0,120.0,8.35,139.0,20.0,120.0,6.95,306.0,240,127.5
2024,Match_1087,Kolkata Knight Riders,Lucknow Super Giants,235.0,20.0,120.0,11.75,,,,,235.0,120,195.83
2024,Match_1088,Sunrisers Hyderabad,Mumbai Indians,173.0,20.0,120.0,8.65,174.0,17.2,104.0,10.04,347.0,224,154.91
2024,Match_1089,Delhi Capitals,Rajasthan Royals,221.0,20.0,120.0,11.05,201.0,20.0,120.0,10.05,422.0,240,175.83
2024,Match_1090,Lucknow Super Giants,Sunrisers Hyderabad,165.0,20.0,120.0,8.25,167.0,9.4,58.0,17.28,332.0,178,186.52
2024,Match_1091,Royal Challengers Bengaluru,Punjab Kings,241.0,20.0,120.0,12.05,,,,,241.0,120,200.83
2024,Match_1092,Gujarat Titans,Chennai Super Kings,231.0,20.0,120.0,11.55,196.0,20.0,120.0,9.8,427.0,240,177.92
2024,Match_1093,Kolkata Knight Riders,Mumbai Indians,157.0,16.0,96.0,9.81,139.0,16.0,96.0,8.69,296.0,192,154.17
2024,Match_1094,Rajasthan Royals,Chennai Super Kings,141.0,20.0,120.0,7.05,145.0,18.2,110.0,7.91,286.0,230,124.35
2024,Match_1095,Royal Challengers Bengaluru,Delhi Capitals,187.0,20.0,120.0,9.35,,,,,187.0,120,155.83
2024,Match_1097,Delhi Capitals,Lucknow Super Giants,208.0,20.0,120.0,10.4,189.0,20.0,120.0,9.45,397.0,240,165.42
2024,Match_1098,Rajasthan Royals,Punjab Kings,144.0,20.0,120.0,7.2,145.0,18.5,113.0,7.7,289.0,233,124.03
2024,Match_1100,Lucknow Super Giants,Mumbai Indians,214.0,20.0,120.0,10.7,196.0,20.0,120.0,9.8,410.0,240,170.83
2024,Match_1101,Royal Challengers Bengaluru,Chennai Super Kings,218.0,20.0,120.0,10.9,191.0,20.0,120.0,9.55,409.0,240,170.42
2024,Match_1102,Punjab Kings,Sunrisers Hyderabad,214.0,20.0,120.0,10.7,215.0,19.1,115.0,11.22,429.0,235,182.55
2024,Match_1103,Team 1,Team 2,,,,,,,,,0.0,0,0.0
2024,Match_1104,Sunrisers Hyderabad,Kolkata Knight Riders,164.0,13.4,82.0,12.0,,,,,164.0,82,200.0
2024,Match_1105,Royal Challengers Bengaluru,Rajasthan Royals,172.0,20.0,120.0,8.6,174.0,19.0,114.0,9.16,346.0,234,147.86
2024,Match_1106,Sunrisers Hyderabad,Rajasthan Royals,175.0,20.0,120.0,8.75,139.0,20.0,120.0,6.95,314.0,240,130.83
2024,Match_1107,Sunrisers Hyderabad,Kolkata Knight Riders,114.0,10.3,63.0,10.86,,,,,114.0,63,180.95
2025,Match_1108,Kolkata Knight Riders,Royal Challengers Bengaluru,174.0,20.0,120.0,8.7,177.0,16.2,98.0,10.84,351.0,218,161.01
2025,Match_1109,Sunrisers Hyderabad,Rajasthan Royals,286.0,20.0,120.0,14.3,242.0,20.0,120.0,12.1,528.0,240,220.0
2025,Match_1110,Mumbai Indians,Chennai Super Kings,155.0,20.0,120.0,7.75,158.0,19.1,115.0,8.24,313.0,235,133.19
2025,Match_1111,Lucknow Super Giants,Delhi Capitals,209.0,20.0,120.0,10.45,211.0,19.3,117.0,10.82,420.0,237,177.22
2025,Match_1112,Punjab Kings,Gujarat Titans,243.0,20.0,120.0,12.15,232.0,20.0,120.0,11.6,475.0,240,197.92
2025,Match_1113,Rajasthan Royals,Kolkata Knight Riders,151.0,20.0,120.0,7.55,153.0,17.3,105.0,8.74,304.0,225,135.11
2025,Match_1114,Sunrisers Hyderabad,Lucknow Super Giants,190.0,20.0,120.0,9.5,193.0,16.1,97.0,11.94,383.0,217,176.5
2025,Match_1115,Royal Challengers Bengaluru,Chennai Super Kings,196.0,20.0,120.0,9.8,146.0,20.0,120.0,7.3,342.0,240,142.5
2025,Match_1116,Gujarat Titans,Mumbai Indians,196.0,20.0,120.0,9.8,160.0,20.0,120.0,8.0,356.0,240,148.33
2025,Match_1117,Sunrisers Hyderabad,Delhi Capitals,166.0,16.0,96.0,10.38,,,,,166.0,96,172.92
2025,Match_1118,Rajasthan Royals,Chennai Super Kings,182.0,20.0,120.0,9.1,176.0,20.0,120.0,8.8,358.0,240,149.17
2025,Match_1119,Kolkata Knight Riders,Mumbai Indians,121.0,12.5,77.0,9.43,,,,,121.0,77,157.14
2025,Match_1120,Lucknow Super Giants,Punjab Kings,171.0,20.0,120.0,8.55,177.0,16.2,98.0,10.84,348.0,218,159.63
2025,Match_1121,Royal Challengers Bengaluru,Gujarat Titans,169.0,20.0,120.0,8.45,170.0,17.5,107.0,9.53,339.0,227,149.34
2025,Match_1122,Kolkata Knight Riders,Sunrisers Hyderabad,200.0,20.0,120.0,10.0,,,,,200.0,120,166.67
2025,Match_1123,Lucknow Super Giants,Mumbai Indians,203.0,20.0,120.0,10.15,191.0,20.0,120.0,9.55,394.0,240,164.17
2025,Match_1124,Delhi Capitals,Chennai Super Kings,183.0,20.0,120.0,9.15,158.0,20.0,120.0,7.9,341.0,240,142.08
2025,Match_1125,Rajasthan Royals,Punjab Kings,205.0,20.0,120.0,10.25,155.0,20.0,120.0,7.75,360.0,240,150.0
2025,Match_1126,Sunrisers Hyderabad,Gujarat Titans,152.0,20.0,120.0,7.6,153.0,16.4,100.0,9.18,305.0,220,138.64
2025,Match_1127,Royal Challengers Bengaluru,Mumbai Indians,221.0,20.0,120.0,11.05,209.0,20.0,120.0,10.45,430.0,240,179.17
2025,Match_1128,Lucknow Super Giants,Kolkata Knight Riders,238.0,20.0,120.0,11.9,234.0,20.0,120.0,11.7,472.0,240,196.67
2025,Match_1129,Punjab Kings,Chennai Super Kings,219.0,20.0,120.0,10.95,201.0,20.0,120.0,10.05,420.0,240,175.0
2025,Match_1130,Gujarat Titans,Rajasthan Royals,217.0,20.0,120.0,10.85,,,,,217.0,120,180.83
2025,Match_1131,Royal Challengers Bengaluru,Delhi Capitals,163.0,20.0,120.0,8.15,169.0,17.5,107.0,9.48,332.0,227,146.26
2025,Match_1132,Chennai Super Kings,Kolkata Knight Riders,103.0,20.0,120.0,5.15,107.0,10.1,61.0,10.52,210.0,181,116.02
2025,Match_1133,Gujarat Titans,Lucknow Super Giants,180.0,20.0,120.0,9.0,186.0,19.3,117.0,9.54,366.0,237,154.43
2025,Match_1134,Punjab Kings,Sunrisers Hyderabad,245.0,20.0,120.0,12.25,247.0,18.3,111.0,13.35,492.0,231,212.99
2025,Match_1135,Rajasthan Royals,Royal Challengers Bengaluru,173.0,20.0,120.0,8.65,175.0,17.3,105.0,10.0,348.0,225,154.67
2025,Match_1136,Mumbai Indians,Delhi Capitals,205.0,20.0,120.0,10.25,,,,,205.0,120,170.83
2025,Match_1137,Lucknow Super Giants,Chennai Super Kings,166.0,20.0,120.0,8.3,168.0,19.3,117.0,8.62,334.0,237,140.93
2025,Match_1138,Punjab Kings,Kolkata Knight Riders,,,,,,,,,0.0,0,0.0
2025,Match_1139,Delhi Capitals,Rajasthan Royals,188.0,20.0,120.0,9.4,188.0,20.0,120.0,9.4,376.0,240,156.67
2025,Match_1140,Sunrisers Hyderabad,Mumbai Indians,162.0,20.0,120.0,8.1,166.0,18.1,109.0,9.14,328.0,229,143.23
2025,Match_1141,Royal Challengers Bengaluru,Punjab Kings,95.0,14.0,84.0,6.79,98.0,12.1,73.0,8.05,193.0,157,122.93
2025,Match_1142,Delhi Capitals,Gujarat Titans,203.0,20.0,120.0,10.15,204.0,19.2,116.0,10.55,407.0,236,172.46
2025,Match_1143,Lucknow Super Giants,Rajasthan Royals,180.0,20.0,120.0,9.0,178.0,20.0,120.0,8.9,358.0,240,149.17
2025,Match_1144,Punjab Kings,Royal Challengers Bengaluru,157.0,20.0,120.0,7.85,159.0,18.5,113.0,8.44,316.0,233,135.62
2025,Match_1145,Chennai Super Kings,Mumbai Indians,176.0,20.0,120.0,8.8,177.0,15.4,94.0,11.3,353.0,214,164.95
2025,Match_1146,Gujarat Titans,Kolkata Knight Riders,198.0,20.0,120.0,9.9,159.0,20.0,120.0,7.95,357.0,240,148.75
2025,Match_1147,Lucknow Super Giants,Delhi Capitals,159.0,20.0,120.0,7.95,161.0,17.5,107.0,9.03,320.0,227,140.97
2025,Match_1148,Sunrisers Hyderabad,Mumbai Indians,143.0,20.0,120.0,7.15,146.0,15.4,94.0,9.32,289.0,214,135.05
2025,Match_1149,Royal Challengers Bengaluru,Rajasthan Royals,205.0,20.0,120.0,10.25,194.0,20.0,120.0,9.7,399.0,240,166.25
2025,Match_1150,Chennai Super Kings,Sunrisers Hyderabad,155.0,18.4,112.0,8.3,,,,,155.0,112,138.39
2025,Match_1151,Punjab Kings,Kolkata Knight Riders,201.0,20.0,120.0,10.05,7.0,1.0,6.0,7.0,208.0,126,165.08
2025,Match_1152,Mumbai Indians,Lucknow Super Giants,215.0,20.0,120.0,10.75,,,,,215.0,120,179.17
2025,Match_1153,Delhi Capitals,Royal Challengers Bengaluru,162.0,20.0,120.0,8.1,165.0,18.3,111.0,8.92,327.0,231,141.56
2025,Match_1154,Gujarat Titans,Rajasthan Royals,209.0,20.0,120.0,10.45,212.0,15.5,95.0,13.39,421.0,215,195.81
2025,Match_1155,Kolkata Knight Riders,Delhi Capitals,204.0,20.0,120.0,10.2,190.0,20.0,120.0,9.5,394.0,240,164.17
2025,Match_1156,Chennai Super Kings,Punjab Kings,194.0,19.4,118.0,9.86,,,,,194.0,118,164.41
2025,Match_1157,Mumbai Indians,Rajasthan Royals,217.0,20.0,120.0,10.85,,,,,217.0,120,180.83
2025,Match_1158,Gujarat Titans,Sunrisers Hyderabad,224.0,20.0,120.0,11.2,186.0,20.0,120.0,9.3,410.0,240,170.83
2025,Match_1159,Royal Challengers Bengaluru,Chennai Super Kings,213.0,20.0,120.0,10.65,211.0,20.0,120.0,10.55,424.0,240,176.67
2025,Match_1160,Kolkata Knight Riders,Rajasthan Royals,206.0,20.0,120.0,10.3,205.0,20.0,120.0,10.25,411.0,240,171.25
2025,Match_1161,Punjab Kings,Lucknow Super Giants,236.0,20.0,120.0,11.8,199.0,20.0,120.0,9.95,435.0,240,181.25
2025,Match_1162,Delhi Capitals,Team 2,133.0,20.0,120.0,6.65,,,,,133.0,120,110.83
2025,Match_1163,Mumbai Indians,Gujarat Titans,155.0,20.0,120.0,7.75,147.0,19.0,114.0,7.74,302.0,234,129.06
2025,Match_1164,Kolkata Knight Riders,Chennai Super Kings,179.0,20.0,120.0,8.95,183.0,19.4,118.0,9.31,362.0,238,152.1
2025,Match_1166,Punjab Kings,Rajasthan Royals,219.0,20.0,120.0,10.95,209.0,20.0,120.0,10.45,428.0,240,178.33
2025,Match_1167,Delhi Capitals,Gujarat Titans,199.0,20.0,120.0,9.95,205.0,19.0,114.0,10.79,404.0,234,172.65
2025,Match_1168,Lucknow Super Giants,Sunrisers Hyderabad,205.0,20.0,120.0,10.25,206.0,18.2,110.0,11.24,411.0,230,178.7
2025,Match_1169,Chennai Super Kings,Rajasthan Royals,187.0,20.0,120.0,9.35,188.0,17.1,103.0,10.95,375.0,223,168.16
2025,Match_1170,Mumbai Indians,Delhi Capitals,180.0,20.0,120.0,9.0,,,,,180.0,120,150.0
2025,Match_1171,Lucknow Super Giants,Gujarat Titans,235.0,20.0,120.0,11.75,202.0,20.0,120.0,10.1,437.0,240,182.08
2025,Match_1172,Sunrisers Hyderabad,Royal Challengers Bengaluru,231.0,20.0,120.0,11.55,,,,,231.0,120,192.5
2025,Match_1173,Punjab Kings,Delhi Capitals,206.0,20.0,120.0,10.3,208.0,19.3,117.0,10.67,414.0,237,174.68
2025,Match_1174,Chennai Super Kings,Gujarat Titans,230.0,20.0,120.0,11.5,,,,,230.0,120,191.67
2025,Match_1175,Sunrisers Hyderabad,Kolkata Knight Riders,278.0,20.0,120.0,13.9,,,,,278.0,120,231.67
2025,Match_1176,Mumbai Indians,Punjab Kings,184.0,20.0,120.0,9.2,187.0,18.3,111.0,10.11,371.0,231,160.61
2025,Match_1177,Lucknow Super Giants,Royal Challengers Bengaluru,227.0,20.0,120.0,11.35,230.0,18.4,112.0,12.32,457.0,232,196.98
2025,Match_1178,Punjab Kings,Royal Challengers Bengaluru,106.0,10.0,60.0,10.6,,,,,106.0,60,176.67
2025,Match_1179,Mumbai Indians,Gujarat Titans,228.0,20.0,120.0,11.4,208.0,20.0,120.0,10.4,436.0,240,181.67
2025,Match_1180,Mumbai Indians,Punjab Kings,203.0,20.0,120.0,10.15,207.0,19.0,114.0,10.89,410.0,234,175.21
2025,Match_1181,Royal Challengers Bengaluru,Punjab Kings,190.0,20.0,120.0,9.5,184.0,20.0,120.0,9.2,374.0,240,155.83
2026,Match_1182,Sunrisers Hyderabad,Royal Challengers Bengaluru,201.0,20.0,120.0,10.05,203.0,15.4,94.0,12.96,404.0,214,188.79
2026,Match_1183,Kolkata Knight Riders,Mumbai Indians,220.0,20.0,120.0,11.0,224.0,19.1,115.0,11.69,444.0,235,188.94
2026,Match_1184,Chennai Super Kings,Rajasthan Royals,128.0,12.1,73.0,10.52,,,,,128.0,73,175.34
2026,Match_1185,Gujarat Titans,Punjab Kings,162.0,20.0,120.0,8.1,165.0,19.1,115.0,8.61,327.0,235,139.15
2026,Match_1186,Lucknow Super Giants,Delhi Capitals,145.0,17.1,103.0,8.45,,,,,145.0,103,140.78
2026,Match_1187,Sunrisers Hyderabad,Kolkata Knight Riders,226.0,20.0,120.0,11.3,,,,,226.0,120,188.33
2026,Match_1188,Chennai Super Kings,Punjab Kings,209.0,20.0,120.0,10.45,210.0,18.4,112.0,11.25,419.0,232,180.6
2026,Match_1189,Mumbai Indians,Delhi Capitals,162.0,20.0,120.0,8.1,164.0,18.1,109.0,9.03,326.0,229,142.36
2026,Match_1190,Rajasthan Royals,Gujarat Titans,210.0,20.0,120.0,10.5,204.0,20.0,120.0,10.2,414.0,240,172.5
2026,Match_1191,Sunrisers Hyderabad,Lucknow Super Giants,156.0,20.0,120.0,7.8,160.0,19.5,119.0,8.07,316.0,239,132.22
2026,Match_1192,Royal Challengers Bengaluru,Chennai Super Kings,250.0,20.0,120.0,12.5,,,,,250.0,120,208.33
2026,Match_1193,Kolkata Knight Riders,Team 2,25.0,3.4,22.0,6.82,,,,,25.0,22,113.64
2026,Match_1194,Rajasthan Royals,Mumbai Indians,150.0,11.0,66.0,13.64,123.0,11.0,66.0,11.18,273.0,132,206.82
2026,Match_1195,Gujarat Titans,Delhi Capitals,210.0,20.0,120.0,10.5,209.0,20.0,120.0,10.45,419.0,240,174.58
2026,Match_1196,Kolkata Knight Riders,Lucknow Super Giants,181.0,20.0,120.0,9.05,182.0,20.0,120.0,9.1,363.0,240,151.25
2026,Match_1197,Royal Challengers Bengaluru,Rajasthan Royals,201.0,20.0,120.0,10.05,202.0,18.0,108.0,11.22,403.0,228,176.75
2026,Match_1198,Sunrisers Hyderabad,Punjab Kings,219.0,20.0,120.0,10.95,223.0,18.5,113.0,11.84,442.0,233,189.7
2026,Match_1199,Chennai Super Kings,Delhi Capitals,212.0,20.0,120.0,10.6,,,,,212.0,120,176.67
2026,Match_1200,Lucknow Super Giants,Gujarat Titans,164.0,20.0,120.0,8.2,165.0,18.4,112.0,8.84,329.0,232,141.81
2026,Match_1201,Royal Challengers Bengaluru,Mumbai Indians,240.0,20.0,120.0,12.0,222.0,20.0,120.0,11.1,462.0,240,192.5
2026,Match_1202,Sunrisers Hyderabad,Rajasthan Royals,216.0,20.0,120.0,10.8,,,,,216.0,120,180.0
2026,Match_1203,Chennai Super Kings,Kolkata Knight Riders,192.0,20.0,120.0,9.6,160.0,20.0,120.0,8.0,352.0,240,146.67
2026,Match_1204,Lucknow Super Giants,Royal Challengers Bengaluru,149.0,15.1,91.0,9.82,,,,,149.0,91,163.74
2026,Match_1205,Mumbai Indians,Punjab Kings,195.0,20.0,120.0,9.75,198.0,16.3,99.0,12.0,393.0,219,179.45
2026,Match_1206,Kolkata Knight Riders,Gujarat Titans,181.0,19.4,118.0,9.2,,,,,181.0,118,153.39
2026,Match_1207,Royal Challengers Bengaluru,Delhi Capitals,175.0,20.0,120.0,8.75,179.0,19.5,119.0,9.03,354.0,239,148.12
2026,Match_1208,Sunrisers Hyderabad,Chennai Super Kings,194.0,20.0,120.0,9.7,184.0,20.0,120.0,9.2,378.0,240,157.5
2026,Match_1209,Rajasthan Royals,Kolkata Knight Riders,155.0,20.0,120.0,7.75,161.0,19.4,118.0,8.19,316.0,238,132.77
2026,Match_1210,Punjab Kings,Lucknow Super Giants,254.0,20.0,120.0,12.7,200.0,20.0,120.0,10.0,454.0,240,189.17
2026,Match_1211,Mumbai Indians,Gujarat Titans,199.0,20.0,120.0,9.95,,,,,199.0,120,165.83
2026,Match_1212,Sunrisers Hyderabad,Delhi Capitals,242.0,20.0,120.0,12.1,195.0,20.0,120.0,9.75,437.0,240,182.08
2026,Match_1213,Rajasthan Royals,Lucknow Super Giants,159.0,20.0,120.0,7.95,,,,,159.0,120,132.5
2026,Match_1214,Chennai Super Kings,Mumbai Indians,207.0,20.0,120.0,10.35,,,,,207.0,120,172.5
2026,Match_1215,Gujarat Titans,Royal Challengers Bengaluru,205.0,20.0,120.0,10.25,206.0,18.5,113.0,10.94,411.0,233,176.39
2026,Match_1216,Delhi Capitals,Punjab Kings,264.0,20.0,120.0,13.2,265.0,18.5,113.0,14.07,529.0,233,227.04
2026,Match_1217,Rajasthan Royals,Sunrisers Hyderabad,228.0,20.0,120.0,11.4,229.0,18.3,111.0,12.38,457.0,231,197.84
2026,Match_1218,Chennai Super Kings,Gujarat Titans,158.0,20.0,120.0,7.9,162.0,16.4,100.0,9.72,320.0,220,145.45
2026,Match_1219,Kolkata Knight Riders,Lucknow Super Giants,155.0,20.0,120.0,7.75,155.0,20.0,120.0,7.75,310.0,240,129.17
2026,Match_1220,Delhi Capitals,Royal Challengers Bengaluru,77.0,6.3,39.0,11.85,,,,,77.0,39,197.44
2026,Match_1221,Punjab Kings,Rajasthan Royals,222.0,20.0,120.0,11.1,228.0,19.2,116.0,11.79,450.0,236,190.68
2026,Match_1222,Mumbai Indians,Sunrisers Hyderabad,243.0,20.0,120.0,12.15,249.0,18.4,112.0,13.34,492.0,232,212.07
2026,Match_1223,Royal Challengers Bengaluru,Gujarat Titans,158.0,15.5,95.0,9.98,,,,,158.0,95,166.32
2026,Match_1224,Rajasthan Royals,Delhi Capitals,225.0,20.0,120.0,11.25,226.0,19.1,115.0,11.79,451.0,235,191.91
2026,Match_1225,Mumbai Indians,Chennai Super Kings,159.0,20.0,120.0,7.95,160.0,18.1,109.0,8.81,319.0,229,139.3
2026,Match_1226,Sunrisers Hyderabad,Kolkata Knight Riders,169.0,18.2,110.0,9.22,,,,,169.0,110,153.64
2026,Match_1227,Punjab Kings,Gujarat Titans,163.0,20.0,120.0,8.15,167.0,19.5,119.0,8.42,330.0,239,138.08
2026,Match_1228,Lucknow Super Giants,Mumbai Indians,228.0,20.0,120.0,11.4,229.0,18.4,112.0,12.27,457.0,232,196.98
2026,Match_1229,Delhi Capitals,Chennai Super Kings,155.0,20.0,120.0,7.75,159.0,17.3,105.0,9.09,314.0,225,139.56
2026,Match_1230,Sunrisers Hyderabad,Punjab Kings,235.0,20.0,120.0,11.75,202.0,20.0,120.0,10.1,437.0,240,182.08
2026,Match_1231,Lucknow Super Giants,Royal Challengers Bengaluru,209.0,19.0,114.0,11.0,203.0,19.0,114.0,10.68,412.0,228,180.7
2026,Match_1232,Delhi Capitals,Kolkata Knight Riders,142.0,20.0,120.0,7.1,147.0,14.2,86.0,10.26,289.0,206,140.29
2026,Match_1233,Gujarat Titans,Rajasthan Royals,229.0,20.0,120.0,11.45,,,,,229.0,120,190.83
2026,Match_1234,Lucknow Super Giants,Chennai Super Kings,203.0,20.0,120.0,10.15,208.0,19.2,116.0,10.76,411.0,236,174.15
2026,Match_1235,Mumbai Indians,Royal Challengers Bengaluru,166.0,20.0,120.0,8.3,167.0,20.0,120.0,8.35,333.0,240,138.75
2026,Match_1236,Punjab Kings,Delhi Capitals,210.0,20.0,120.0,10.5,216.0,19.0,114.0,11.37,426.0,234,182.05
2026,Match_1237,Gujarat Titans,Sunrisers Hyderabad,168.0,20.0,120.0,8.4,,,,,168.0,120,140.0
2026,Match_1238,Kolkata Knight Riders,Royal Challengers Bengaluru,192.0,20.0,120.0,9.6,194.0,19.1,115.0,10.12,386.0,235,164.26
2026,Match_1239,Punjab Kings,Mumbai Indians,200.0,20.0,120.0,10.0,205.0,19.5,119.0,10.34,405.0,239,169.46
2026,Match_1240,Chennai Super Kings,Lucknow Super Giants,187.0,20.0,120.0,9.35,188.0,16.4,100.0,11.28,375.0,220,170.45
2026,Match_1241,Kolkata Knight Riders,Gujarat Titans,247.0,20.0,120.0,12.35,218.0,20.0,120.0,10.9,465.0,240,193.75
2026,Match_1242,Royal Challengers Bengaluru,Punjab Kings,222.0,20.0,120.0,11.1,199.0,20.0,120.0,9.95,421.0,240,175.42
2026,Match_1243,Rajasthan Royals,Delhi Capitals,193.0,20.0,120.0,9.65,197.0,19.2,116.0,10.19,390.0,236,165.25
2026,Match_1244,Chennai Super Kings,Sunrisers Hyderabad,180.0,20.0,120.0,9.0,181.0,19.0,114.0,9.53,361.0,234,154.27
2026,Match_1245,Lucknow Super Giants,Rajasthan Royals,220.0,20.0,120.0,11.0,225.0,19.1,115.0,11.74,445.0,235,189.36
2026,Match_1246,Mumbai Indians,Kolkata Knight Riders,147.0,20.0,120.0,7.35,148.0,18.5,113.0,7.86,295.0,233,126.61
2026,Match_1247,Gujarat Titans,Chennai Super Kings,229.0,20.0,120.0,11.45,,,,,229.0,120,190.83
2026,Match_1248,Sunrisers Hyderabad,Royal Challengers Bengaluru,255.0,20.0,120.0,12.75,200.0,20.0,120.0,10.0,455.0,240,189.58
2026,Match_1249,Lucknow Super Giants,Punjab Kings,196.0,20.0,120.0,9.8,200.0,18.0,108.0,11.11,396.0,228,173.68
2026,Match_1250,Rajasthan Royals,Mumbai Indians,205.0,20.0,120.0,10.25,175.0,20.0,120.0,8.75,380.0,240,158.33
2026,Match_1251,Delhi Capitals,Kolkata Knight Riders,203.0,20.0,120.0,10.15,,,,,203.0,120,169.17
2026,Match_1252,Royal Challengers Bengaluru,Gujarat Titans,254.0,20.0,120.0,12.7,,,,,254.0,120,211.67
2026,Match_1253,Rajasthan Royals,Sunrisers Hyderabad,243.0,20.0,120.0,12.15,,,,,243.0,120,202.5
2026,Match_1254,Rajasthan Royals,Gujarat Titans,214.0,20.0,120.0,10.7,219.0,18.4,112.0,11.73,433.0,232,186.64
2026,Match_1255,Gujarat Titans,Royal Challengers Bengaluru,155.0,20.0,120.0,7.75,161.0,18.0,108.0,8.94,316.0,228,138.6
